featureID,gene_id,exonBaseMean,dispersion,stat,pvalue,padj,delta_PSU,contrast,gene_name,gene_biotype
PA1,ENSG00000206195,24.6038116822415,0.00651716416696314,1.18202177361581,0.276944786685285,0.492541044674463,0.0542292661745549,Fip1 v.s. NC,DUXAP8,lncRNA
PA2,ENSG00000206195,12.4238450453094,0.0117976961771776,0.595918603880051,0.440139514426248,0.650217198663628,0.0301249206720331,Fip1 v.s. NC,DUXAP8,lncRNA
PA3,ENSG00000206195,30.2002780566156,0.00779670645705239,0.465700240782922,0.494971937937316,0.691975694330277,0.0378188984268011,Fip1 v.s. NC,DUXAP8,lncRNA
PA4,ENSG00000290931,22.870459279221,0.0439416737709073,0.0720527629800856,0.788371076542313,0.859687133627186,0.0289188012582856,Fip1 v.s. NC,NA,lncRNA
PA5,ENSG00000290931,11.4623168522523,0.025808302365366,0.902477419618556,0.342118291373461,0.562194385239431,0.053729917986743,Fip1 v.s. NC,NA,lncRNA
PA6,ENSG00000290931,9.29892836148237,0.0205732781845714,0.816375925876883,0.36624189514239,0.584738480312566,-0.0459253173800696,Fip1 v.s. NC,NA,lncRNA
PA7,ENSG00000290931,11.2190564647353,0.0127247640360602,0.915718089672808,0.338601779529404,0.559688823810367,0.0543987332883946,Fip1 v.s. NC,NA,lncRNA
PA8,ENSG00000290931,9.59619281020807,0.141844962611953,0.781765241054373,0.376601809487549,0.589185185207267,-0.0911221351533535,Fip1 v.s. NC,NA,lncRNA
PA11,ENSG00000099968,91.8100348135988,0.00597829797870797,1.639095170202,0.200449659588719,0.435341832515,0.0584985231995105,Fip1 v.s. NC,BCL2L13,protein_coding
PA12,ENSG00000099968,75.6518501280697,0.00790730977711875,2.00163711221824,0.157129416910226,0.394226483497978,-0.0669677467134379,Fip1 v.s. NC,BCL2L13,protein_coding
PA13,ENSG00000099968,12.7970157747088,0.0100486329130595,0.161349474486052,0.687917115509327,0.819777365507856,0.00846922351392716,Fip1 v.s. NC,BCL2L13,protein_coding
PA14,ENSG00000215193,40.3734082505349,0.00998507311888658,1.65269520091328,0.198592496475417,0.435341832515,-0.0723582059237762,Fip1 v.s. NC,PEX26,protein_coding
PA15,ENSG00000215193,7.61826674718428,0.0179733836363655,1.52967856252336,0.216160693182738,0.45135267155228,0.0723582059237761,Fip1 v.s. NC,PEX26,protein_coding
PA18,ENSG00000093009,17.6740783327946,0.00915486543978718,4.85412262353346,0.0275801375633098,0.113970862577795,0.0409014327349747,Fip1 v.s. NC,CDC45,protein_coding
PA19,ENSG00000093009,246.117292547068,0.00565375083394415,5.33463301781627,0.0209057411607553,0.0947502139705198,-0.0409014327349746,Fip1 v.s. NC,CDC45,protein_coding
PA24,ENSG00000093010,13.1622281372086,0.0146511140485367,1.14587787251622,0.284413720699156,0.499501596977893,0.018255948779996,Fip1 v.s. NC,COMT,protein_coding
PA25,ENSG00000093010,234.581950770109,0.00460663141104488,0.801082993645828,0.370769769371398,0.585316321311028,-0.0198496993528754,Fip1 v.s. NC,COMT,protein_coding
PA26,ENSG00000093010,12.5768090577027,0.0403936355030548,0.0111120371117224,0.91604758713813,0.942891472475511,0.00159375057287943,Fip1 v.s. NC,COMT,protein_coding
PA27,ENSG00000183597,111.317242168503,0.00400739113669956,3.63354688739962,0.0566260160229705,0.201416588638667,-0.0750291758932312,Fip1 v.s. NC,TANGO2,protein_coding
PA28,ENSG00000183597,38.3015420753191,0.00474664025695919,3.51184528343364,0.0609315547103914,0.210919575386507,0.0750291758932312,Fip1 v.s. NC,TANGO2,protein_coding
PA29,ENSG00000128191,15.6906330848153,0.0141560743116869,0.399786600164603,0.527199485990611,0.712226228670008,0.0360527572212939,Fip1 v.s. NC,DGCR8,protein_coding
PA30,ENSG00000128191,58.9056944512017,0.00968166311488782,0.432670362783931,0.510681542618524,0.700788931516929,-0.0360527572212938,Fip1 v.s. NC,DGCR8,protein_coding
PA31,ENSG00000099901,12.0638713714273,0.0105759209080493,1.21263974431919,0.270809956736091,0.490717766433024,0.00676288507603114,Fip1 v.s. NC,RANBP1,protein_coding
PA32,ENSG00000099901,355.365886669385,0.00151999198721706,6.01124771672076,0.0142149726484029,0.0739705058185409,0.0586852535227032,Fip1 v.s. NC,RANBP1,protein_coding
PA34,ENSG00000185252,17.5668969795723,0.0233825692193074,0.863978170215482,0.352627818303139,0.572765415856544,-0.102676087682208,Fip1 v.s. NC,ZNF74,protein_coding
PA35,ENSG00000185252,13.2358784426847,0.0258865665243715,0.843112774637305,0.358508030628824,0.575661466323998,0.102676087682208,Fip1 v.s. NC,ZNF74,protein_coding
PA38,ENSG00000099940,9.86769127005016,0.0155418773295928,0.00450712971321821,0.946474103362644,0.960141599440082,0.0019012717429748,Fip1 v.s. NC,SNAP29,protein_coding
PA39,ENSG00000099940,14.6556706945259,0.0392604204920286,3.0274617513868,0.0818659939593906,0.249534908411727,0.0460343842030523,Fip1 v.s. NC,SNAP29,protein_coding
PA40,ENSG00000099940,16.6645343055758,0.0554132037269549,0.238889580512335,0.625009270960617,0.810757037974184,-0.0140711893031762,Fip1 v.s. NC,SNAP29,protein_coding
PA41,ENSG00000099940,95.0400184943101,0.00460194874252341,2.84413924175186,0.0917076948550895,0.265668683033816,0.0720669700063804,Fip1 v.s. NC,SNAP29,protein_coding
PA42,ENSG00000099940,12.6927500054315,0.102920637909733,7.70529365687994,0.00550591152264743,0.0386790284465982,0.0802111547881199,Fip1 v.s. NC,SNAP29,protein_coding
PA43,ENSG00000099942,106.358624185875,0.00783377453927758,2.5373294198727,0.11118269604258,0.304977226452066,0.0766460493309955,Fip1 v.s. NC,CRKL,protein_coding
PA44,ENSG00000099942,84.358192169463,0.00803733914591527,2.51031432030212,0.113103370699504,0.305596607370775,-0.0766460493309956,Fip1 v.s. NC,CRKL,protein_coding
PA49,ENSG00000185651,224.633504031978,0.00206076123044164,6.54571208356316,0.0105137239099919,0.0602929881368922,0.0333988087768959,Fip1 v.s. NC,UBE2L3,protein_coding
PA50,ENSG00000185651,62.6006845747017,0.00326992984116737,14.1461702863103,0.000169141066327533,0.00176031998659395,0.024759064666084,Fip1 v.s. NC,UBE2L3,protein_coding
PA51,ENSG00000185651,77.1764106987786,0.00665660892594537,26.2515680902812,2.99711364971789e-07,7.65626305064298e-06,0.0448826547660861,Fip1 v.s. NC,UBE2L3,protein_coding
PA54,ENSG00000286129,47.0364468708883,0.00548576530745538,0.0088512951593529,0.925044557405671,0.948677082594867,0.00558161482983999,Fip1 v.s. NC,NA,lncRNA
PA56,ENSG00000286129,28.2719956808001,0.032687891080128,0.0988896597985871,0.753166176212204,0.840737127723799,-0.0207206445796709,Fip1 v.s. NC,NA,lncRNA
PA57,ENSG00000286129,7.47923648606605,0.274151872769353,0.133576243686136,0.714752507293327,0.819777365507856,0.015139029749831,Fip1 v.s. NC,NA,lncRNA
PA60,ENSG00000186716,71.4079935327359,0.00514535270448336,3.28594866272874,0.0698752367656042,0.220617320574548,-0.0934095690629149,Fip1 v.s. NC,BCR,protein_coding
PA61,ENSG00000186716,40.8844918742292,0.00571116978384466,3.21230715577005,0.073086358533689,0.228191852755185,0.0934095690629149,Fip1 v.s. NC,BCR,protein_coding
PA63,ENSG00000133460,17.4914772021899,0.0153497959953668,0.0115085375889734,0.914568554455955,0.942891472475511,-0.00639619883040943,Fip1 v.s. NC,SLC2A11,protein_coding
PA64,ENSG00000133460,14.2871951222682,0.016555378817767,0.0111415137344295,0.915936724023789,0.942891472475511,0.00639619883040937,Fip1 v.s. NC,SLC2A11,protein_coding
PA66,ENSG00000099974,15.3182863832297,0.0935431806207701,0.322023130563615,0.570394346805923,0.756077988516186,-0.0848767813963059,Fip1 v.s. NC,DDTL,protein_coding
PA67,ENSG00000099974,17.3733862552446,0.0917353593845451,0.325159942154123,0.568523085193315,0.756077988516186,0.0848767813963059,Fip1 v.s. NC,DDTL,protein_coding
PA71,ENSG00000100014,52.0879663883066,0.00846895768416499,5.61758827660609,0.0177811006474602,0.0861463669299363,-0.115520246126442,Fip1 v.s. NC,SPECC1L,protein_coding
PA72,ENSG00000100014,9.20983512658194,0.0146067214359884,5.17954047084496,0.0228543674665315,0.101937734255482,0.115520246126442,Fip1 v.s. NC,SPECC1L,protein_coding
PA74,ENSG00000100028,6.69822796877288,0.0209109069952134,9.20256555017302,0.00241676179021865,0.0199738253838659,0.0045969687028994,Fip1 v.s. NC,SNRPD3,protein_coding
PA75,ENSG00000100028,63.8439027694912,0.00484562568208503,21.0777942267516,4.41009201429445e-06,7.28962268245141e-05,0.0236777859042092,Fip1 v.s. NC,SNRPD3,protein_coding
PA76,ENSG00000100028,51.1569195438557,0.00448272487872047,22.8497912160366,1.75168355800745e-06,3.51587914142923e-05,0.021109936721525,Fip1 v.s. NC,SNRPD3,protein_coding
PA79,ENSG00000167037,9.87666957042656,0.0219717282545292,0.685867240173359,0.40757365286481,0.621671671932444,-0.104676573426573,Fip1 v.s. NC,SGSM1,protein_coding
PA80,ENSG00000167037,8.96554470429762,0.0228913241135196,0.680874893853499,0.409285620311395,0.621671671932444,0.104676573426573,Fip1 v.s. NC,SGSM1,protein_coding
PA81,ENSG00000291087,322.073079316818,0.00496536941179133,0.0256699610206184,0.872708973276475,0.925400835813922,0.0020374772935724,Fip1 v.s. NC,CRYBB2P1,lncRNA
PA82,ENSG00000291087,18.5441257981847,0.00794543075362961,0.0235243925734068,0.878101268380516,0.927618257198967,-0.00203747729357235,Fip1 v.s. NC,CRYBB2P1,lncRNA
PA83,ENSG00000100104,55.9739951526929,0.00822329112614301,0.168621223703575,0.681340087912423,0.818190447450388,0.0265933096163922,Fip1 v.s. NC,SRRD,protein_coding
PA84,ENSG00000100104,11.2684941449901,0.0115796482783861,0.0802981133180936,0.776893822749033,0.858059023999464,0.0132306649804788,Fip1 v.s. NC,SRRD,protein_coding
PA85,ENSG00000100104,10.1532007119328,0.027403949940373,0.637966765464689,0.424448021222051,0.637806919590354,-0.0398239745968711,Fip1 v.s. NC,SRRD,protein_coding
PA87,ENSG00000235954,90.0729010671772,0.0478088531253665,0.210018733848685,0.646752721005883,0.810757037974184,0.0340177622456378,Fip1 v.s. NC,TTC28-AS1,lncRNA
PA88,ENSG00000235954,22.9360537844511,0.0532920148716129,0.195555222982158,0.658332718973287,0.810757037974184,-0.0340177622456377,Fip1 v.s. NC,TTC28-AS1,lncRNA
PA91,ENSG00000100209,30.1069688079555,0.0720631377335316,0.941599566217597,0.331866813396242,0.555086753359191,0.109004897833331,Fip1 v.s. NC,HSCB,protein_coding
PA92,ENSG00000100209,9.38082286920308,0.0882999933757185,0.865249103824482,0.352273924076652,0.572765415856544,-0.109004897833331,Fip1 v.s. NC,HSCB,protein_coding
PA96,ENSG00000182944,288.764554053934,0.00324485955625388,1.31626296043539,0.251263835294484,0.475144766907494,-0.0337919453820983,Fip1 v.s. NC,EWSR1,protein_coding
PA97,ENSG00000182944,180.334835136265,0.00332397602135785,1.30283305655309,0.253696381008548,0.475257887089346,0.0337919453820984,Fip1 v.s. NC,EWSR1,protein_coding
PA99,ENSG00000186575,68.486019475407,0.00849006164999559,1.63384927657516,0.201171465134631,0.435341832515,0.0660452832480017,Fip1 v.s. NC,NF2,protein_coding
PA100,ENSG00000184076,2103.8790452816,0.00272942860049451,0.245625775180955,0.620172085622416,0.810757037974184,0.00223835271338213,Fip1 v.s. NC,UQCR10,protein_coding
PA101,ENSG00000184076,70.1083651400462,0.00324499924675352,0.233473208477179,0.628960370475608,0.810757037974184,-0.00223835271338204,Fip1 v.s. NC,UQCR10,protein_coding
PA102,ENSG00000100330,6.80908454566001,0.0224204642339917,10.1585234648907,0.00143635613058205,0.0126130022716736,0.157513348588863,Fip1 v.s. NC,MTMR3,protein_coding
PA103,ENSG00000100330,46.9544592298583,0.0111535592453712,11.2059017930506,0.000815375924169826,0.00763735448972404,-0.157513348588864,Fip1 v.s. NC,MTMR3,protein_coding
PA107,ENSG00000184792,8.47220157311221,0.0157952509838263,2.25824382217396,0.132904703218459,0.34262588627878,0.0649658994032395,Fip1 v.s. NC,OSBP2,protein_coding
PA108,ENSG00000184792,61.8086705889949,0.00849168218745776,2.47370163474039,0.115765003510102,0.309809199869891,-0.0649658994032395,Fip1 v.s. NC,OSBP2,protein_coding
PA109,ENSG00000253352,136.318560324055,0.00729354380744885,1.97226064097983,0.160208112003182,0.394898942744686,0.0451796055554226,Fip1 v.s. NC,TUG1,protein_coding
PA110,ENSG00000253352,22.5892872673766,0.0104889912966391,1.80119236554685,0.179568410516828,0.421788547005403,-0.0451796055554226,Fip1 v.s. NC,TUG1,protein_coding
PA114,ENSG00000182541,14.7790189740139,0.0245757238006,1.02060464854028,0.312375627748901,0.535228971935616,-0.0627834589923215,Fip1 v.s. NC,LIMK2,protein_coding
PA115,ENSG00000182541,53.4656613059322,0.0168459834087452,1.16325407200235,0.280791695449159,0.496241927177445,0.0627834589923215,Fip1 v.s. NC,LIMK2,protein_coding
PA117,ENSG00000185721,491.85029527122,0.00686878212641496,0.402989296757539,0.525549483668903,0.712226228670008,-0.0039594534561983,Fip1 v.s. NC,DRG1,protein_coding
PA118,ENSG00000185721,8.23184666824967,0.0164774214379859,0.357953122215356,0.549645222397029,0.738996686572082,0.00395945345619822,Fip1 v.s. NC,DRG1,protein_coding
PA124,ENSG00000100234,94.3208434851821,0.00282196957612726,3.60159258223458,0.057724247617308,0.202756419755794,-0.0717779004992746,Fip1 v.s. NC,TIMP3,protein_coding
PA125,ENSG00000100234,102.534795343147,0.00461659556054016,6.78767204718362,0.00917895300666606,0.0548784211675141,0.106832145536821,Fip1 v.s. NC,TIMP3,protein_coding
PA126,ENSG00000100281,4.05815251775567,0.0276264114409174,6.1365044990991,0.0132418826015656,0.0729601766870578,0.0752326406858712,Fip1 v.s. NC,HMGXB4,protein_coding
PA127,ENSG00000100281,68.3022950329704,0.00992862237845125,6.91425001128248,0.00855114997407777,0.0522363726677359,-0.0752326406858711,Fip1 v.s. NC,HMGXB4,protein_coding
PA130,ENSG00000100297,600.794130282699,0.00562900579549477,1.23576132251466,0.266289516823627,0.490717766433024,-0.00686188974566315,Fip1 v.s. NC,MCM5,protein_coding
PA131,ENSG00000100297,11.9979734258973,0.011048043295081,1.11420328329678,0.291170069772063,0.505276234390957,0.00686188974566302,Fip1 v.s. NC,MCM5,protein_coding
PA137,ENSG00000273899,23.7256844336731,0.0489559816549396,0.542561095118856,0.461373259460082,0.658479251219897,0.0271839202347093,Fip1 v.s. NC,NOL12,protein_coding
PA138,ENSG00000273899,178.130068545837,0.0430117980753996,0.579985382838117,0.446318050449431,0.653205063418178,-0.0271839202347093,Fip1 v.s. NC,NOL12,protein_coding
PA139,ENSG00000100106,12.0224463448755,0.0614604000634074,2.99592342256204,0.0834743109989406,0.249534908411727,0.109827264239029,Fip1 v.s. NC,TRIOBP,protein_coding
PA140,ENSG00000100106,22.5290400243711,0.0179278034236,2.52874909688624,0.11178880542549,0.304977226452066,-0.10406162464986,Fip1 v.s. NC,TRIOBP,protein_coding
PA141,ENSG00000100106,40.0008454407055,0.00635140747933908,0.00544690724101571,0.941167008175136,0.958217135134831,-0.00576563958916887,Fip1 v.s. NC,TRIOBP,protein_coding
PA142,ENSG00000189060,30.4093376863486,0.00487168848344092,0.321977214011895,0.570421827634987,0.756077988516186,-0.00637769585841585,Fip1 v.s. NC,H1-0,protein_coding
PA143,ENSG00000189060,7.29943486213487,0.0164219949271473,6.07493974590599,0.0137112977719363,0.0739705058185409,-0.0128550239369689,Fip1 v.s. NC,H1-0,protein_coding
PA144,ENSG00000189060,506.22839826774,0.00325769707276118,2.55618246043775,0.109863587926052,0.304977226452066,0.0192327197953849,Fip1 v.s. NC,H1-0,protein_coding
PA146,ENSG00000100129,1651.80454407679,0.00632007549281247,1.33353492596082,0.248177323116906,0.475144766907494,-0.00379024383007331,Fip1 v.s. NC,EIF3L,protein_coding
PA147,ENSG00000100129,24.4078847199317,0.00940180519394996,1.19579522251544,0.274163700321768,0.490717766433024,0.00379024383007327,Fip1 v.s. NC,EIF3L,protein_coding
PA150,ENSG00000100142,13.4626886662171,0.0559817392529341,2.89491047244502,0.0888597118502695,0.262837673999218,0.00990048158599942,Fip1 v.s. NC,POLR2F,protein_coding
PA151,ENSG00000100142,1044.49666094038,0.01189549352384,30.0510906904475,4.20811781425308e-08,1.31386789533902e-06,-0.0401664027435839,Fip1 v.s. NC,POLR2F,protein_coding
PA152,ENSG00000100142,20.596255799451,0.00719868198084876,39.5005068771285,3.27974279154637e-10,1.31658246346361e-08,0.0302659211575845,Fip1 v.s. NC,POLR2F,protein_coding
PA155,ENSG00000100196,19.4092847983961,0.00986778381617617,15.8743100522381,6.76913619105151e-05,0.00073158741141749,0.156616688396349,Fip1 v.s. NC,KDELR3,protein_coding
PA156,ENSG00000100196,13.1307369564161,0.0109571127396107,32.2763454317069,1.33731484414441e-08,4.69731839005725e-07,0.199730189772563,Fip1 v.s. NC,KDELR3,protein_coding
PA157,ENSG00000100196,183.08018679645,0.0044880568537118,54.4929338949882,1.56007774920087e-13,1.46127282508481e-11,-0.356346878168912,Fip1 v.s. NC,KDELR3,protein_coding
PA159,ENSG00000100216,29.7015573593342,0.00514518743539269,3.85115251379282,0.0497118202215419,0.18877056057099,0.0182816918386909,Fip1 v.s. NC,TOMM22,protein_coding
PA160,ENSG00000100216,625.522516472369,0.003253954521586,7.5303613292028,0.00606677386290754,0.0415795964750492,-0.0281885622410447,Fip1 v.s. NC,TOMM22,protein_coding
PA161,ENSG00000100216,8.29428549835875,0.0161739955795215,3.89492459099986,0.0484322133786658,0.18877056057099,0.00990687040235374,Fip1 v.s. NC,TOMM22,protein_coding
PA162,ENSG00000100226,13.6210329860874,0.0248726990794308,3.65554926265403,0.0558827263155803,0.201321103777924,-0.157303930898841,Fip1 v.s. NC,GTPBP1,protein_coding
PA163,ENSG00000100226,32.986237611499,0.0184237725930761,3.99009049001353,0.0457686061680898,0.183728261903332,0.157303930898841,Fip1 v.s. NC,GTPBP1,protein_coding
PA166,ENSG00000244509,372.653928131633,0.041329913794891,1.41248771040904,0.234643857805225,0.467141193202399,0.0351649825390297,Fip1 v.s. NC,APOBEC3C,protein_coding
PA171,ENSG00000100335,32.8645043423861,0.0223799935438004,2.33687389068208,0.126342872139091,0.331797636178362,-0.0897832858198712,Fip1 v.s. NC,MIEF1,protein_coding
PA172,ENSG00000100335,17.7796861197736,0.0110885996283752,0.0925221985535174,0.760994860736604,0.845215635837888,-0.0124557860838349,Fip1 v.s. NC,MIEF1,protein_coding
PA173,ENSG00000100335,16.4163700125825,0.0208901480314253,0.843114103960083,0.358507651734806,0.575661466323998,-0.0386799176433323,Fip1 v.s. NC,MIEF1,protein_coding
PA174,ENSG00000100335,46.5023095766831,0.00597267092178767,7.16120956400991,0.00744969441686912,0.0465192029142272,0.140918989547038,Fip1 v.s. NC,MIEF1,protein_coding
PA177,ENSG00000100354,10.6282497178429,0.0244995876957381,0.0731805357281345,0.786760992701218,0.859687133627186,-0.0206213402371138,Fip1 v.s. NC,TNRC6B,protein_coding
PA178,ENSG00000100354,41.393017641082,0.0151473546335154,0.0789937840496719,0.778665662348268,0.858059023999464,0.0206213402371138,Fip1 v.s. NC,TNRC6B,protein_coding
PA179,ENSG00000239900,425.235462823392,0.0162782925087054,0.00683515202342022,0.934109981232934,0.954490562641653,0.00135341843061287,Fip1 v.s. NC,ADSL,protein_coding
PA180,ENSG00000239900,10.9439471693223,0.0118239799534448,0.620606027606428,0.430822171465423,0.64053455122637,-0.00630065030830944,Fip1 v.s. NC,ADSL,protein_coding
PA182,ENSG00000196236,22.108783464605,0.0662302246557448,0.202233421497517,0.652924100124948,0.810757037974184,-0.0598955658277692,Fip1 v.s. NC,XPNPEP3,protein_coding
PA183,ENSG00000196236,12.9798330135574,0.0164807500874834,3.38142655158385,0.0659349623262942,0.213489155761908,0.135537579181647,Fip1 v.s. NC,XPNPEP3,protein_coding
PA184,ENSG00000196236,16.9550837890319,0.0309717901040463,0.921880458295135,0.336981709280861,0.559688823810367,-0.0756420133538778,Fip1 v.s. NC,XPNPEP3,protein_coding
PA188,ENSG00000100412,20.0355310861744,0.038607294540781,0.196775096329787,0.65733658501029,0.810757037974184,0.009524084323035,Fip1 v.s. NC,ACO2,protein_coding
PA189,ENSG00000100412,130.010592367322,0.00220747703553761,0.541919092877663,0.461638478613237,0.658479251219897,-0.0234796257640622,Fip1 v.s. NC,ACO2,protein_coding
PA190,ENSG00000100412,170.440150522,0.00334276291995187,0.148396803949105,0.700072161756335,0.819777365507856,0.0139555414410273,Fip1 v.s. NC,ACO2,protein_coding
PA194,ENSG00000198911,27.8841315604059,0.005807202089558,2.31946014666324,0.127764360868151,0.332423938925466,-0.0401269428141865,Fip1 v.s. NC,SREBF2,protein_coding
PA195,ENSG00000198911,10.556083048928,0.0720081225412093,0.0125931277859266,0.910649680335841,0.942891472475511,0.00106401590996746,Fip1 v.s. NC,SREBF2,protein_coding
PA196,ENSG00000198911,176.847325881003,0.00384476919848095,1.77472583046688,0.182798300034332,0.421788547005403,0.0390629269042191,Fip1 v.s. NC,SREBF2,protein_coding
PA199,ENSG00000183172,406.345108698899,0.080326631750657,2.71546398177389,0.0993800703805176,0.284957140580872,-0.0182713780887229,Fip1 v.s. NC,SMDT1,protein_coding
PA200,ENSG00000183172,9.37912052677198,0.101979841583377,2.36308019476481,0.124236668107254,0.329344374888098,0.0182713780887229,Fip1 v.s. NC,SMDT1,protein_coding
PA203,ENSG00000100344,20.1476035022013,0.0294947786373196,0.480514002243574,0.488189586945403,0.685906369658292,-0.103474529346622,Fip1 v.s. NC,PNPLA3,protein_coding
PA204,ENSG00000100344,28.4715905068654,0.0260765633965485,0.483804712259669,0.486703973951211,0.685906369658292,0.103474529346622,Fip1 v.s. NC,PNPLA3,protein_coding
PA206,ENSG00000188677,16.9171850073762,0.0174291789110221,0.00348214050330142,0.952944410377279,0.963227983151134,-0.00303350349116938,Fip1 v.s. NC,PARVB,protein_coding
PA207,ENSG00000188677,27.0222484688688,0.015761609598168,0.140917542878043,0.707370549074986,0.819777365507856,0.0275465000293376,Fip1 v.s. NC,PARVB,protein_coding
PA208,ENSG00000188677,18.4689019264653,0.00912272551778917,0.142237637360161,0.706066554033851,0.819777365507856,-0.0245129965381682,Fip1 v.s. NC,PARVB,protein_coding
PA212,ENSG00000093000,14.8457409473577,0.0144137995339076,0.18916922749731,0.663608963466414,0.810757037974184,-0.0158918371129798,Fip1 v.s. NC,NUP50,protein_coding
PA213,ENSG00000093000,111.811399369967,0.00864112090416949,0.206668214923802,0.649391451449773,0.810757037974184,0.0158918371129799,Fip1 v.s. NC,NUP50,protein_coding
PA215,ENSG00000128408,20.4396936504033,0.0113889962476883,19.7467642423146,8.84112535939853e-06,0.000130755590841631,-0.301669552745273,Fip1 v.s. NC,RIBC2,protein_coding
PA216,ENSG00000128408,40.0332378800774,0.00939384722133039,20.5734740124799,5.73857708261817e-06,8.95855644564281e-05,0.301669552745273,Fip1 v.s. NC,RIBC2,protein_coding
PA217,ENSG00000077942,6.66204163083871,0.298237292492499,1.73658305161237,0.187572359715827,0.42506317000119,0.00555653507579362,Fip1 v.s. NC,FBLN1,protein_coding
PA218,ENSG00000077942,654.613899864943,0.00268430654654232,16.183419738918,5.74951550362691e-05,0.000673172440216318,-0.0916594469533197,Fip1 v.s. NC,FBLN1,protein_coding
PA219,ENSG00000077942,9.77499730086928,0.0123627536538156,0.967568486760186,0.325287340800871,0.547339777036196,-0.00319664186809125,Fip1 v.s. NC,FBLN1,protein_coding
PA220,ENSG00000077942,390.318602268503,0.00216120697638596,17.7108826079139,2.57151226324094e-05,0.000314171715639436,0.0892995537456174,Fip1 v.s. NC,FBLN1,protein_coding
PA227,ENSG00000075234,52.3659938652905,0.0302331728998888,0.1086508597473,0.74168537157251,0.840737127723799,-0.0156478683165117,Fip1 v.s. NC,TTC38,protein_coding
PA228,ENSG00000075234,5.35155793122944,0.0851734090558394,0.101155128945059,0.750447813166693,0.840737127723799,0.0156478683165118,Fip1 v.s. NC,TTC38,protein_coding
PA230,ENSG00000100416,45.5643599416879,0.009348791035451,5.54266219511604,0.0185583301186473,0.0883879790396591,0.118806170565365,Fip1 v.s. NC,TRMU,protein_coding
PA231,ENSG00000100416,88.0514926494483,0.00840329180991285,5.75905769316489,0.0164038669968659,0.0830261756661777,-0.118806170565365,Fip1 v.s. NC,TRMU,protein_coding
PA233,ENSG00000285722,23.0887575030874,0.0130779193634301,3.85403920307355,0.049626342510807,0.18877056057099,-0.178553756185335,Fip1 v.s. NC,NA,lncRNA
PA234,ENSG00000285722,11.672612523706,0.0167991478171977,3.6893574061309,0.0547607097382548,0.199841031642203,0.178553756185335,Fip1 v.s. NC,NA,lncRNA
PA241,ENSG00000100239,19.3504568038579,0.0122048247162496,1.98486305760223,0.158879029832675,0.394898942744686,-0.13551211035082,Fip1 v.s. NC,PPP6R2,protein_coding
PA242,ENSG00000100239,9.55716537771332,0.0157971211220776,1.9117384912122,0.166770272068326,0.400533730352133,0.13551211035082,Fip1 v.s. NC,PPP6R2,protein_coding
PA243,ENSG00000025770,15.8287620873542,0.00869582758783781,0.208313607379196,0.64809240424306,0.810757037974184,0.0146408615308137,Fip1 v.s. NC,NCAPH2,protein_coding
PA244,ENSG00000025770,112.950593301556,0.00562078385171809,0.223785339622303,0.636170693039541,0.810757037974184,-0.0146408615308137,Fip1 v.s. NC,NCAPH2,protein_coding
PA249,ENSG00000015475,61.1848763258324,0.0131070554956194,1.63216619659436,0.201403694757829,0.435341832515,0.0529930357495379,Fip1 v.s. NC,BID,protein_coding
PA250,ENSG00000015475,170.05931343823,0.0121736716968423,1.70509449177042,0.191623074123822,0.430768670630353,-0.0529930357495378,Fip1 v.s. NC,BID,protein_coding
PA256,ENSG00000100056,3.36078243850141,0.0751601297405476,0.668859332569014,0.41344957845698,0.62462006207748,0.0297791297791298,Fip1 v.s. NC,ESS2,protein_coding
PA257,ENSG00000100056,49.8980108248014,0.0199070826814712,0.995670110584854,0.318360487491406,0.542177557485364,-0.0297791297791298,Fip1 v.s. NC,ESS2,protein_coding
PA261,ENSG00000242259,40.8077716670322,0.0108716025910987,1.41207179543547,0.234712767703139,0.467141193202399,0.0848682967877457,Fip1 v.s. NC,C22orf39,protein_coding
PA262,ENSG00000242259,15.6469748832728,0.0147274856301471,1.32722527168644,0.249299445299595,0.475144766907494,-0.0848682967877456,Fip1 v.s. NC,C22orf39,protein_coding
PA263,ENSG00000070010,19.5699783705286,0.0275948579700886,1.52514850277574,0.216842030816931,0.45135267155228,0.0170753235626903,Fip1 v.s. NC,UFD1,protein_coding
PA264,ENSG00000070010,12.9710607201344,0.0122241740230093,1.2041876015698,0.272486315235958,0.490717766433024,0.0097913848726278,Fip1 v.s. NC,UFD1,protein_coding
PA265,ENSG00000070010,421.342238822964,0.0058644290071167,3.7087740609832,0.0541271325451354,0.199841031642203,-0.0268667084353181,Fip1 v.s. NC,UFD1,protein_coding
PA267,ENSG00000215012,54.0073678970922,0.00618920452817674,81.7206886306402,1.56744080412854e-19,2.2022543298006e-17,0.476213801831311,Fip1 v.s. NC,RTL10,protein_coding
PA268,ENSG00000215012,9.87183279442539,0.0743168536217629,0.0376775013947679,0.846092153213578,0.903999600962035,0.00903818953323904,Fip1 v.s. NC,RTL10,protein_coding
PA269,ENSG00000215012,57.7182469043906,0.00500385853380787,92.6779322825627,6.15359190863456e-22,1.72915932632631e-19,-0.48525199136455,Fip1 v.s. NC,RTL10,protein_coding
PA280,ENSG00000100030,7.16850458677575,0.199213429176996,0.0692850066269699,0.792380667649257,0.859687133627186,0.0074534115902828,Fip1 v.s. NC,MAPK1,protein_coding
PA281,ENSG00000100030,187.287264572875,0.00418558608349419,0.0114564457729358,0.914761381695627,0.942891472475511,0.003440146859366,Fip1 v.s. NC,MAPK1,protein_coding
PA282,ENSG00000100030,97.703713947521,0.00256822467827549,0.127105953242243,0.721451762020169,0.824097337917347,-0.0111026997886507,Fip1 v.s. NC,MAPK1,protein_coding
PA283,ENSG00000100030,9.23220638813855,0.0132688129886962,0.000187080694303177,0.98908707911291,0.98908707911291,0.000209141339001909,Fip1 v.s. NC,MAPK1,protein_coding
PA291,ENSG00000099958,26.7144992829986,0.00775256352799714,3.37735464198028,0.0660980660188113,0.213489155761908,0.115293986139057,Fip1 v.s. NC,DERL3,protein_coding
PA292,ENSG00000099958,43.578831680212,0.00686484088314916,3.46352768733509,0.0627363352137354,0.212006169873135,-0.115293986139057,Fip1 v.s. NC,DERL3,protein_coding
PA294,ENSG00000099977,1903.31233812571,0.00549961733567915,1.77207672520672,0.183125276635798,0.421788547005403,-0.00287561743648346,Fip1 v.s. NC,DDT,protein_coding
PA295,ENSG00000099977,14.5135933318937,0.0104313561305859,1.58050069068643,0.208688587789266,0.444253736127149,0.0028756174364834,Fip1 v.s. NC,DDT,protein_coding
PA296,ENSG00000224205,116.989292739326,0.00816672688289426,0.706236033485659,0.400696196584874,0.618657314507415,-0.02378347600297,Fip1 v.s. NC,GSTT3P,transcribed_unprocessed_pseudogene
PA297,ENSG00000224205,11.6992669284974,0.014929981452511,0.627494406944223,0.428275874073829,0.640135747950776,0.02378347600297,Fip1 v.s. NC,GSTT3P,transcribed_unprocessed_pseudogene
PA302,ENSG00000180957,313.128231239594,0.0245941464655466,7.96781441540671,0.00476163969977423,0.0343082245035015,-0.0449643739290695,Fip1 v.s. NC,PITPNB,protein_coding
PA303,ENSG00000180957,11.2273523561574,0.0125758821268495,25.0510712900275,5.58317272984725e-07,1.20682425929775e-05,0.0541687002996922,Fip1 v.s. NC,PITPNB,protein_coding
PA304,ENSG00000180957,5.63141667058757,0.0889289556707663,0.779108281994262,0.377413997641666,0.589185185207267,-0.00920432637062275,Fip1 v.s. NC,PITPNB,protein_coding
PA305,ENSG00000100154,18.473532695513,0.0102144697404378,0.424929061481635,0.514487729246212,0.701801222903814,0.0565110565110565,Fip1 v.s. NC,TTC28,protein_coding
PA306,ENSG00000100154,11.237556596964,0.0280235612700171,0.969849006728957,0.324717839067428,0.547339777036196,0.0834357084357084,Fip1 v.s. NC,TTC28,protein_coding
PA307,ENSG00000100154,9.41385197336034,0.0893091858620823,2.0133171032389,0.155924073354774,0.394226483497978,-0.139946764946765,Fip1 v.s. NC,TTC28,protein_coding
PA309,ENSG00000100219,213.237746292659,0.00572475282066986,0.175854775995141,0.674960051973697,0.814007616328794,-0.00651994398324529,Fip1 v.s. NC,XBP1,protein_coding
PA310,ENSG00000100219,12.366448998155,0.0103841331882227,0.159030127643504,0.690051028631586,0.819777365507856,0.00651994398324536,Fip1 v.s. NC,XBP1,protein_coding
PA313,ENSG00000100280,17.1967733516869,0.0676774776196023,0.0982707952680428,0.75391469877765,0.840737127723799,0.0226055440263697,Fip1 v.s. NC,AP1B1,protein_coding
PA314,ENSG00000100280,72.3589256736604,0.0585490238512399,0.102258605752937,0.749135871629115,0.840737127723799,-0.0226055440263697,Fip1 v.s. NC,AP1B1,protein_coding
PA315,ENSG00000100296,99.550459398964,0.00579130804102657,0.591181560805261,0.441962579874565,0.650217198663628,-0.0294797878637139,Fip1 v.s. NC,THOC5,protein_coding
PA321,ENSG00000099995,59.4480190632221,0.00344046553483007,2.23048746497546,0.135311151804296,0.345658487790975,0.0342560413478159,Fip1 v.s. NC,SF3A1,protein_coding
PA322,ENSG00000099995,158.779358951887,0.00357940435283194,0.544288246960079,0.460660951262514,0.658479251219897,-0.0252742572034809,Fip1 v.s. NC,SF3A1,protein_coding
PA323,ENSG00000099995,136.68434207811,0.00626976885782574,0.0650148829129336,0.798738421510223,0.863251909401433,-0.00898178414433498,Fip1 v.s. NC,SF3A1,protein_coding
PA327,ENSG00000133422,14.6653213025662,0.011167701400387,0.136845790200411,0.71143707970472,0.819777365507856,-0.0213971533553844,Fip1 v.s. NC,MORC2,protein_coding
PA328,ENSG00000133422,52.3200925312222,0.00780554528512163,0.145634276056221,0.702742808175703,0.819777365507856,0.0213971533553845,Fip1 v.s. NC,MORC2,protein_coding
PA329,ENSG00000198832,677.435371720023,0.0200171692351281,0.804311601481444,0.369807389917484,0.585316321311028,-0.005618907468941,Fip1 v.s. NC,SELENOM,protein_coding
PA330,ENSG00000198832,14.2514106969505,0.0276901682192632,0.689741658991935,0.406252265960954,0.621671671932444,0.0056189074689409,Fip1 v.s. NC,SELENOM,protein_coding
PA332,ENSG00000100105,35.9161029062524,0.0186751562554628,0.19110951527405,0.66199477754096,0.810757037974184,-0.0340887174541947,Fip1 v.s. NC,PATZ1,protein_coding
PA333,ENSG00000100105,16.4607878538448,0.0232675590818785,0.176875622796821,0.674072144957305,0.814007616328794,0.0340887174541948,Fip1 v.s. NC,PATZ1,protein_coding
PA334,ENSG00000184708,40.8198198691295,0.00875511422034939,3.49513244643875,0.0615494846323614,0.210919575386507,-0.121187879808569,Fip1 v.s. NC,EIF4ENIF1,protein_coding
PA335,ENSG00000184708,15.6107241572447,0.0116448859033705,3.31326803663074,0.0687226991328651,0.219444073367444,0.121187879808569,Fip1 v.s. NC,EIF4ENIF1,protein_coding
PA336,ENSG00000241878,84.9642485377426,0.00752854970861592,0.0620027006584181,0.803358139848922,0.864918150565314,-0.0078996218540297,Fip1 v.s. NC,PISD,protein_coding
PA337,ENSG00000241878,13.4300614746763,0.0122504001559543,0.0556742099143861,0.813468496941299,0.8724604871775,0.00789962185402979,Fip1 v.s. NC,PISD,protein_coding
PA345,ENSG00000128335,42.9524225320233,0.0120759587046942,17.7430317983088,2.52841909656004e-05,0.000314171715639436,0.171070235513211,Fip1 v.s. NC,APOL2,protein_coding
PA346,ENSG00000128335,146.453522092731,0.0103587528514755,18.9433164465205,1.34660188791793e-05,0.000182953246303776,-0.171070235513211,Fip1 v.s. NC,APOL2,protein_coding
PA347,ENSG00000100345,212.053992757193,0.0128710040164356,10.7550564075878,0.0010399479754892,0.00942662519717632,-0.151637491302561,Fip1 v.s. NC,MYH9,protein_coding
PA348,ENSG00000100345,6.86648059281447,0.0423346556366179,6.63351617628157,0.0100077522667728,0.0585870497283992,0.0228163184989374,Fip1 v.s. NC,MYH9,protein_coding
PA349,ENSG00000100345,133.534094363268,0.0124444868360806,8.15931498888743,0.0042840549295961,0.031679458821487,0.128821172803623,Fip1 v.s. NC,MYH9,protein_coding
PA351,ENSG00000100348,578.915117559138,0.00212642843355043,21.6944516328296,3.19714662109147e-06,5.98932133684469e-05,0.0731136613579033,Fip1 v.s. NC,TXN2,protein_coding
PA352,ENSG00000100348,98.5353216974054,0.0023474109589362,21.1166451216866,4.32157985039973e-06,7.28962268245141e-05,-0.0731136613579034,Fip1 v.s. NC,TXN2,protein_coding
PA353,ENSG00000100350,189.850766341593,0.00551720946747952,1.20903621059961,0.271523081945078,0.490717766433024,0.0260596592274716,Fip1 v.s. NC,FOXRED2,protein_coding
PA354,ENSG00000100350,21.8465465428583,0.00817589933579967,1.1136123828158,0.291298042602616,0.505276234390957,-0.0260596592274716,Fip1 v.s. NC,FOXRED2,protein_coding
PA366,ENSG00000100201,945.590491990774,0.00676799363015103,4.92303721236753,0.0265008896792351,0.113970862577795,-0.00649042323091364,Fip1 v.s. NC,DDX17,protein_coding
PA367,ENSG00000100201,7.35574658771859,0.0177131045482503,4.35722419441691,0.0368523070970785,0.150079685424334,0.00649042323091374,Fip1 v.s. NC,DDX17,protein_coding
PA369,ENSG00000100221,14.8402318636927,0.0144994339325613,2.57309351220608,0.108694986318052,0.304977226452066,0.0451327810788925,Fip1 v.s. NC,JOSD1,protein_coding
PA370,ENSG00000100221,141.482451397763,0.00847110880932527,2.87787575040752,0.0898044202398247,0.262865021743654,-0.0451327810788926,Fip1 v.s. NC,JOSD1,protein_coding
PA375,ENSG00000100316,13689.3519762101,0.00708003077059282,1.40435435277504,0.235995868477881,0.467141193202399,-0.00061226721294616,Fip1 v.s. NC,RPL3,protein_coding
PA376,ENSG00000100316,7.32603498012275,0.0290896905381639,0.177392419950294,0.67362379704285,0.814007616328794,9.54162270135044e-05,Fip1 v.s. NC,RPL3,protein_coding
PA378,ENSG00000100372,17.5275118199741,0.0312099690856555,0.00166086846547131,0.967492207661778,0.974222453392374,0.0159420289855072,Fip1 v.s. NC,SLC25A17,protein_coding
PA379,ENSG00000100372,10.4506040381368,0.0136920764743365,0.0982246111552527,0.753970662585044,0.840737127723799,-0.0246376811594203,Fip1 v.s. NC,SLC25A17,protein_coding
PA380,ENSG00000100372,11.383286239299,0.0454843887408576,0.0693594483064075,0.792271715234606,0.859687133627186,0.00869565217391305,Fip1 v.s. NC,SLC25A17,protein_coding
PA381,ENSG00000100380,99.8538611972608,0.00253799756813981,0.211293771766293,0.645755243434972,0.810757037974184,0.00350938295832184,Fip1 v.s. NC,ST13,protein_coding
PA382,ENSG00000100380,56.9739301597585,0.00380817005120031,2.69626479437028,0.100583643548698,0.285494988254386,0.00960831746411989,Fip1 v.s. NC,ST13,protein_coding
PA383,ENSG00000100380,172.091890472294,0.00344555910549515,0.0172379996179473,0.895543083898239,0.942500399158821,-0.00172074304982411,Fip1 v.s. NC,ST13,protein_coding
PA384,ENSG00000100380,67.6207885834371,0.0189696490915876,3.13107309456946,0.0768131636061565,0.237192296410219,-0.0179814944517374,Fip1 v.s. NC,ST13,protein_coding
PA385,ENSG00000100401,248.017883499346,0.0303653904492801,1.35105455008396,0.245093843535432,0.475144766907494,-0.0208459518850596,Fip1 v.s. NC,RANGAP1,protein_coding
PA386,ENSG00000100401,12.1476514283257,0.0409078615010269,1.19574751969233,0.274173271636956,0.490717766433024,0.0208459518850596,Fip1 v.s. NC,RANGAP1,protein_coding
PA389,ENSG00000100413,116.71622071324,0.00675055650555766,1.60907432166621,0.204621972765704,0.438921941581395,-0.0362840862840863,Fip1 v.s. NC,POLR3H,protein_coding
PA391,ENSG00000100418,100.704602540532,0.00417414241616201,1.43935569497393,0.23024363144989,0.467141193202399,0.0524277141298417,Fip1 v.s. NC,DESI1,protein_coding
PA392,ENSG00000100418,43.4499097852099,0.00476865942911859,1.40085325989679,0.236580759376827,0.467141193202399,-0.0524277141298418,Fip1 v.s. NC,DESI1,protein_coding
PA393,ENSG00000100138,447.566160540984,0.000869239299754317,46.6352753025962,8.55070778695805e-12,4.00458148022535e-10,0.0806345481829855,Fip1 v.s. NC,SNU13,protein_coding
PA394,ENSG00000100138,1567.40213416409,0.000853052285037821,46.965881980699,7.22332646799622e-12,4.00458148022535e-10,-0.0806345481829857,Fip1 v.s. NC,SNU13,protein_coding
PA395,ENSG00000159958,7.17797213182464,0.0226486716587468,8.50611504251972,0.00353954945989312,0.0273819261357378,0.335606060606061,Fip1 v.s. NC,TNFRSF13C,protein_coding
PA396,ENSG00000159958,14.35702858522,0.0168312266192323,8.78252450690226,0.00304130006221241,0.024417294785191,-0.335606060606061,Fip1 v.s. NC,TNFRSF13C,protein_coding
PA397,ENSG00000100162,97.7177604286848,0.0512276021834765,3.90265555858782,0.0482098476023247,0.18877056057099,-0.109208560090691,Fip1 v.s. NC,CENPM,protein_coding
PA398,ENSG00000100162,14.4370019008845,0.0626187809637798,3.44676990475924,0.0633755098553143,0.212006169873135,0.109208560090691,Fip1 v.s. NC,CENPM,protein_coding
PA399,ENSG00000198951,84.8775944847863,0.007655476996803,7.46888182311956,0.00627745283862165,0.0419991487536353,-0.139956141412149,Fip1 v.s. NC,NAGA,protein_coding
PA400,ENSG00000198951,66.3759312515852,0.00792537250545981,7.37757263193984,0.00660422481503794,0.0423094226378066,0.139956141412149,Fip1 v.s. NC,NAGA,protein_coding
PA401,ENSG00000184983,223.413956345835,0.00534143601883446,0.196151564569206,0.657845290683392,0.810757037974184,0.00501995118993541,Fip1 v.s. NC,NDUFA6,protein_coding
PA403,ENSG00000189306,12.9569081192344,0.0860153918808361,6.16590155085672,0.0130235982830214,0.0729601766870578,0.117689945887983,Fip1 v.s. NC,RRP7A,protein_coding
PA404,ENSG00000189306,30.3990589561575,0.0480518056614784,4.93916106373528,0.0262547768740609,0.113970862577795,0.145415103088201,Fip1 v.s. NC,RRP7A,protein_coding
PA405,ENSG00000189306,97.5964706600755,0.00782731876655183,27.6839394771796,1.42843736439666e-07,4.01390899395461e-06,-0.263105048976184,Fip1 v.s. NC,RRP7A,protein_coding
PA419,ENSG00000226328,21.1140201604371,0.0117763446811271,0.520891891281885,0.470461474362505,0.667675122706383,0.0556193890369826,Fip1 v.s. NC,NUP50-DT,lncRNA
PA420,ENSG00000226328,15.6044782340667,0.0207722497848618,12.0071687976383,0.0005299630338793,0.00513515905241667,-0.288921371011866,Fip1 v.s. NC,NUP50-DT,lncRNA
PA421,ENSG00000226328,7.21802959908665,0.019688848916291,16.0792721147895,6.0745298918385e-05,0.000682777159842647,0.233301981974884,Fip1 v.s. NC,NUP50-DT,lncRNA
PA422,ENSG00000100364,18.0382707618175,0.0253264228309122,0.135131603948601,0.713169644406131,0.819777365507856,0.0171105730427764,Fip1 v.s. NC,KIAA0930,protein_coding
PA423,ENSG00000100364,61.4704145129305,0.00736725160817246,0.453555436781244,0.500651352144541,0.696450643329782,0.0358746714678918,Fip1 v.s. NC,KIAA0930,protein_coding
PA424,ENSG00000100364,39.5518328187264,0.00526819660258856,1.22092912232288,0.269178388443453,0.490717766433024,-0.0529852445106682,Fip1 v.s. NC,KIAA0930,protein_coding
PA427,ENSG00000231711,13.6407463598301,0.0148967120730075,4.8985320300519,0.0268795356935806,0.113970862577795,0.235330654000731,Fip1 v.s. NC,LINC00899,lncRNA
PA428,ENSG00000231711,12.183425752353,0.0155540149194957,4.86401808815776,0.0274223994569145,0.113970862577795,-0.235330654000731,Fip1 v.s. NC,LINC00899,lncRNA
PA437,ENSG00000188130,70.8125346314897,0.0643731571390323,1.91870997323238,0.165998941869667,0.400533730352133,0.112426852896096,Fip1 v.s. NC,MAPK12,protein_coding
PA438,ENSG00000188130,23.7444763462555,0.0714254069320645,1.79149107449996,0.18074459587536,0.421788547005403,-0.112426852896096,Fip1 v.s. NC,MAPK12,protein_coding
PA445,ENSG00000205560,30.1407133663196,0.0114142973740079,1.39402435112324,0.237726657038943,0.467141193202399,-0.104744623655914,Fip1 v.s. NC,CPT1B,protein_coding
PA446,ENSG00000205560,9.59579089759162,0.0172694083426502,1.33757118499685,0.247462749182471,0.475144766907494,0.104744623655914,Fip1 v.s. NC,CPT1B,protein_coding
PA450,ENSG00000206195,9.26431558979143,0.0175507063890769,0.00134401380724114,0.970755469572473,0.974222453392374,0.00115585022879856,Fip1 v.s. NC,DUXAP8,lncRNA
PA451,ENSG00000206195,19.5412122070252,0.0231904301086359,5.44502235312317,0.019624163857546,0.0903998367864004,-0.123328935502188,Fip1 v.s. NC,DUXAP8,lncRNA
PA453,ENSG00000099901,267.009011980497,0.00165629757970924,7.37193442377047,0.00662496297531492,0.0423094226378066,-0.0654481385987343,Fip1 v.s. NC,RANBP1,protein_coding
PA454,ENSG00000099940,15.2518348049333,0.00953225358612226,6.01621185979275,0.0141750409550866,0.0739705058185409,-0.0519804946387916,Fip1 v.s. NC,SNAP29,protein_coding
PA455,ENSG00000099940,36.4552084940278,0.00482245282682571,18.9142626026922,1.36726625351576e-05,0.000182953246303776,-0.13416209679856,Fip1 v.s. NC,SNAP29,protein_coding
PA456,ENSG00000185651,956.983656985238,0.00105881897693657,25.2410902396212,5.0592745797892e-07,1.18471346410064e-05,-0.0824390565701709,Fip1 v.s. NC,UBE2L3,protein_coding
PA457,ENSG00000185651,115.112281903765,0.00213295226804149,5.71280495551203,0.0168416085870894,0.0830261756661777,-0.020601471638895,Fip1 v.s. NC,UBE2L3,protein_coding
PA458,ENSG00000100028,1626.63608749818,0.000997605824204683,53.8271557581951,2.18925812438467e-13,1.53795383238023e-11,-0.0832853660948216,Fip1 v.s. NC,SNRPD3,protein_coding
PA459,ENSG00000100028,253.185033770286,0.0011852330538209,13.063182349875,0.000301157316068177,0.00302232877911278,0.033900674766188,Fip1 v.s. NC,SNRPD3,protein_coding
PA460,ENSG00000197077,8.06774566987377,0.0189423979070307,3.00951680509415,0.0827769631580106,0.249534908411727,0.0604491370944019,Fip1 v.s. NC,KIAA1671,protein_coding
PA461,ENSG00000197077,81.3425711951963,0.00915608179912401,3.38368304477493,0.0658447617580302,0.213489155761908,-0.0604491370944019,Fip1 v.s. NC,KIAA1671,protein_coding
PA462,ENSG00000186575,26.3155524634252,0.0105491148388317,1.53872407427606,0.214807824095499,0.45135267155228,-0.0660452832480017,Fip1 v.s. NC,NF2,protein_coding
PA463,ENSG00000100234,28.8990558951017,0.00901396922002122,1.68121547724927,0.194763022453416,0.434352454836587,-0.0350542450375466,Fip1 v.s. NC,TIMP3,protein_coding
PA464,ENSG00000100097,8.35753825499117,0.0185028593639281,1.48405562574358,0.223141058525493,0.461048804747526,-0.000750939120970444,Fip1 v.s. NC,LGALS1,protein_coding
PA465,ENSG00000100097,16.6018995698038,0.0279090794390135,1.10073655888064,0.294104517243992,0.507014535862341,0.00110914676501846,Fip1 v.s. NC,LGALS1,protein_coding
PA466,ENSG00000100097,64.4637829005381,0.00517929573950915,0.552339836298856,0.457363211306436,0.658479251219897,0.00142949950617506,Fip1 v.s. NC,LGALS1,protein_coding
PA467,ENSG00000100097,5280.79312248714,0.00236226599689596,0.735318979506758,0.391164514522346,0.607277505971156,-0.00178770715022303,Fip1 v.s. NC,LGALS1,protein_coding
PA468,ENSG00000244509,35.554102064333,0.0452892510080431,1.31248574783217,0.251945089926038,0.475144766907494,-0.0351649825390297,Fip1 v.s. NC,APOBEC3C,protein_coding
PA469,ENSG00000239900,14.0054050895634,0.0410431216047208,0.202907873081088,0.652383862158101,0.810757037974184,0.00494723187769651,Fip1 v.s. NC,ADSL,protein_coding
PA470,ENSG00000100387,21.1797764871076,0.00752219701982823,1.75694202319126,0.185006398028945,0.422656893057996,0.00598190980636496,Fip1 v.s. NC,RBX1,protein_coding
PA471,ENSG00000100387,1139.92434750396,0.00470526410620847,1.93455484512916,0.1642609822242,0.400533730352133,-0.00598190980636493,Fip1 v.s. NC,RBX1,protein_coding
PA472,ENSG00000100393,8.20105073908309,0.0257437242504691,8.47255361275217,0.0036054493488338,0.0273819261357378,0.0722800483829896,Fip1 v.s. NC,EP300,protein_coding
PA473,ENSG00000100393,114.08296776213,0.0111374308561605,9.99589561094403,0.00156889508010654,0.0133593793184829,-0.0722800483829895,Fip1 v.s. NC,EP300,protein_coding
PA474,ENSG00000131100,758.969116187179,0.00324643870403894,5.72733149354534,0.0167028448683915,0.0830261756661777,-0.0291507326862086,Fip1 v.s. NC,ATP6V1E1,protein_coding
PA475,ENSG00000131100,77.3888650558386,0.00373656598208856,5.47228968287074,0.0193202974768474,0.0903998367864004,0.0291507326862087,Fip1 v.s. NC,ATP6V1E1,protein_coding
PA478,ENSG00000128294,6.64048429580546,0.0501238411300561,0.138706343429902,0.709570483840293,0.819777365507856,0.0769068392907403,Fip1 v.s. NC,TPST2,protein_coding
PA479,ENSG00000128294,10.4316918920012,0.0408369461897191,0.139868255401332,0.70841201937026,0.819777365507856,-0.0769068392907403,Fip1 v.s. NC,TPST2,protein_coding
PA480,ENSG00000100296,21.7363723749255,0.00798369335761462,0.554752712677455,0.456382214700819,0.658479251219897,0.0294797878637138,Fip1 v.s. NC,THOC5,protein_coding
PA481,ENSG00000198792,32.5881148197393,0.0135585992209718,0.199691817014887,0.654969717505198,0.810757037974184,0.0304848015761329,Fip1 v.s. NC,TMEM184B,protein_coding
PA482,ENSG00000198792,33.0634986087908,0.0135082039403157,0.19995680713167,0.654755712313937,0.810757037974184,-0.0304848015761329,Fip1 v.s. NC,TMEM184B,protein_coding
PA483,ENSG00000100316,18.6952458492873,0.00983580098075088,1.78338522085151,0.181734189661633,0.421788547005403,0.000490274568681853,Fip1 v.s. NC,RPL3,protein_coding
PA484,ENSG00000100316,8.60135227527465,0.0139246460047904,0.0131234502103439,0.90879576621314,0.942891472475511,2.65764172508222e-05,Fip1 v.s. NC,RPL3,protein_coding
PA485,ENSG00000100380,973.284855931451,0.000960924559471926,0.21206294675244,0.645155270273765,0.810757037974184,-0.00735468308558784,Fip1 v.s. NC,ST13,protein_coding
PA486,ENSG00000100380,21.1537300018862,0.00643962122010074,0.442640193750051,0.50585089133943,0.700217243676748,-0.00226915266851141,Fip1 v.s. NC,ST13,protein_coding
PA487,ENSG00000100380,119.087581914547,0.00209696958208175,3.72684786961958,0.0535443503250552,0.199841031642203,0.016208372833219,Fip1 v.s. NC,ST13,protein_coding
PA488,ENSG00000100413,12.8280949415944,0.0115826215539751,1.46946465553686,0.22543017798855,0.462378686239288,0.0362840862840863,Fip1 v.s. NC,POLR3H,protein_coding
PA489,ENSG00000184983,85.2308874213767,0.0024924110130477,0.431504343466287,0.511251711604877,0.700788931516929,-0.00329491242728981,Fip1 v.s. NC,NDUFA6,protein_coding
PA490,ENSG00000184983,1822.04585194486,0.00210760369494138,0.0262059771543477,0.871398302902962,0.925400835813922,-0.00172503876264563,Fip1 v.s. NC,NDUFA6,protein_coding
PA1,ENSG00000206195,19.5146635223596,0.0139843026437794,0.422623832558948,0.515630698033817,0.710256010526973,-0.0329127260660362,Fip2 v.s. NC,DUXAP8,lncRNA
PA2,ENSG00000206195,12.6129438616036,0.010848069098173,1.32975078019138,0.248849559079628,0.457037425499186,0.0464791770366683,Fip2 v.s. NC,DUXAP8,lncRNA
PA3,ENSG00000206195,23.8661535822997,0.0108930033285949,1.61106817563682,0.204341714520959,0.401538613848877,-0.0692417454786793,Fip2 v.s. NC,DUXAP8,lncRNA
PA4,ENSG00000290931,10.5567479790501,0.0623508517213535,0.666618582184263,0.41423301307758,0.61463796406476,-0.082558942012936,Fip2 v.s. NC,NA,lncRNA
PA5,ENSG00000290931,4.69052867960279,0.0497676080135696,0.0442852848664685,0.833323735982777,0.932924182514583,-0.00915828077102093,Fip2 v.s. NC,NA,lncRNA
PA6,ENSG00000290931,6.20396930695724,0.0245933034933569,0.0151376675900963,0.90207920112995,0.980243232812533,-0.013640120692699,Fip2 v.s. NC,NA,lncRNA
PA7,ENSG00000290931,5.24405926724333,0.0247202007817359,0.058119790440152,0.809492753251504,0.924386776604134,0.021434188774937,Fip2 v.s. NC,NA,lncRNA
PA8,ENSG00000290931,9.08462033622403,0.148116336113404,0.653792634006983,0.418759968697697,0.616081419916508,0.0839231547017189,Fip2 v.s. NC,NA,lncRNA
PA11,ENSG00000099968,79.2104626618535,0.00787350533594193,0.0136516517400693,0.906986621107682,0.980243232812533,-0.00872654525386318,Fip2 v.s. NC,BCL2L13,protein_coding
PA12,ENSG00000099968,71.8806421511428,0.00567745578110054,0.785537016808327,0.375453054497437,0.585309261466407,-0.0390431312616744,Fip2 v.s. NC,BCL2L13,protein_coding
PA13,ENSG00000099968,15.4153338146968,0.0103000670845455,3.46322538667486,0.0627478045067373,0.188470395414736,0.0477696765155374,Fip2 v.s. NC,BCL2L13,protein_coding
PA14,ENSG00000215193,27.7952750545231,0.0160432243242409,0.000711939423936769,0.978713215994012,0.999224907050997,0.000752965763107794,Fip2 v.s. NC,PEX26,protein_coding
PA15,ENSG00000215193,3.50483750997319,0.0325080993979023,0.000529862068866294,0.981635330135727,0.999224907050997,-0.000752965763107766,Fip2 v.s. NC,PEX26,protein_coding
PA18,ENSG00000093009,11.8685537871901,0.0107413675213382,5.84351654005658,0.015634549138815,0.0675893585847233,-0.0288284184811032,Fip2 v.s. NC,CDC45,protein_coding
PA19,ENSG00000093009,304.592666835201,0.00732762272589146,6.23248925979554,0.0125427297125221,0.0559445563368047,0.0288284184811032,Fip2 v.s. NC,CDC45,protein_coding
PA24,ENSG00000093010,9.86177668317485,0.0194826835418801,0.0252139169085481,0.873835189046663,0.966723181583119,0.00347692108573962,Fip2 v.s. NC,COMT,protein_coding
PA25,ENSG00000093010,195.267510844498,0.00849121194866916,0.014405490053079,0.904465028865645,0.980243232812533,-0.00446332554868445,Fip2 v.s. NC,COMT,protein_coding
PA26,ENSG00000093010,10.3487965888806,0.0478248531050088,0.00332371541949072,0.954026088847663,0.999224907050997,0.000986404462944873,Fip2 v.s. NC,COMT,protein_coding
PA27,ENSG00000183597,90.9891416119713,0.00602223183817471,0.180969287142801,0.670541570436894,0.828359098245061,-0.0174190888476603,Fip2 v.s. NC,TANGO2,protein_coding
PA28,ENSG00000183597,26.7491064479705,0.0068977472189914,0.175366771267853,0.675385577130042,0.828748240932497,0.0174190888476603,Fip2 v.s. NC,TANGO2,protein_coding
PA29,ENSG00000128191,11.4283200678976,0.0632662307599472,2.40257102600886,0.121136016942182,0.285510265047981,0.157481328649865,Fip2 v.s. NC,DGCR8,protein_coding
PA30,ENSG00000128191,35.4725083049737,0.0515381621162383,2.63813691913988,0.104325822398878,0.259429699947652,-0.157481328649865,Fip2 v.s. NC,DGCR8,protein_coding
PA31,ENSG00000099901,13.8306853023263,0.00988788356906376,4.71308852116804,0.0299338270601326,0.113171165704871,0.0149601572699047,Fip2 v.s. NC,RANBP1,protein_coding
PA32,ENSG00000099901,311.015993309483,0.00415629130311618,0.0460787686229764,0.830032677853586,0.932924182514583,-0.00740440213816163,Fip2 v.s. NC,RANBP1,protein_coding
PA34,ENSG00000185252,16.0133635254179,0.0199183578317523,0.000691660390245374,0.979018503909508,0.999224907050997,-0.00184552289815454,Fip2 v.s. NC,ZNF74,protein_coding
PA35,ENSG00000185252,9.14186830472343,0.0238599462763268,0.000606695210571218,0.980349145842993,0.999224907050997,0.00184552289815448,Fip2 v.s. NC,ZNF74,protein_coding
PA38,ENSG00000099940,6.87928624820186,0.0221074420812707,0.684510678531275,0.408037802073346,0.61463796406476,-0.013823230580477,Fip2 v.s. NC,SNAP29,protein_coding
PA39,ENSG00000099940,8.51676091389196,0.0207573329732907,0.0353706594260785,0.85082108079682,0.944983097643899,0.00339098803772717,Fip2 v.s. NC,SNAP29,protein_coding
PA40,ENSG00000099940,12.754492873183,0.0171078016264713,1.42774077376492,0.232133499520389,0.437781968894155,-0.0280296277125987,Fip2 v.s. NC,SNAP29,protein_coding
PA41,ENSG00000099940,87.2723434846346,0.00406956717340947,13.2256081640809,0.000276150107090248,0.00323325750384832,0.162317642435396,Fip2 v.s. NC,SNAP29,protein_coding
PA42,ENSG00000099940,15.7382396035418,0.0159889952971671,33.3562920092016,7.6729170597558e-09,5.39022423447845e-07,0.140133760831225,Fip2 v.s. NC,SNAP29,protein_coding
PA43,ENSG00000099942,104.985297918652,0.00975619131323331,6.499012455625,0.0107934427016052,0.0541599535562688,0.128719575164358,Fip2 v.s. NC,CRKL,protein_coding
PA44,ENSG00000099942,72.5477243762746,0.0099622660815882,6.43748819724533,0.0111736530892815,0.054497333501118,-0.128719575164358,Fip2 v.s. NC,CRKL,protein_coding
PA49,ENSG00000185651,221.36719305246,0.00500931243373572,6.32382547653401,0.0119126361118314,0.0558411223472015,0.042893134991745,Fip2 v.s. NC,UBE2L3,protein_coding
PA50,ENSG00000185651,74.6431191102676,0.00715791772382612,28.0219266343861,1.19948613113336e-07,4.81508004069249e-06,0.0462477572941286,Fip2 v.s. NC,UBE2L3,protein_coding
PA51,ENSG00000185651,66.1281769655731,0.0258462900122071,4.63493872336274,0.0313272630421302,0.113171165704871,0.0269294597852871,Fip2 v.s. NC,UBE2L3,protein_coding
PA54,ENSG00000286129,33.286146103052,0.00740069101512349,10.4501953935715,0.00122636482054463,0.0104426822597891,-0.216004638414506,Fip2 v.s. NC,NA,lncRNA
PA56,ENSG00000286129,28.6348350347314,0.0252266751668637,2.20596907466912,0.137477476662823,0.310037901366534,0.119597301286106,Fip2 v.s. NC,NA,lncRNA
PA57,ENSG00000286129,8.6233882823286,0.186126678591195,1.95968437611123,0.16154707789391,0.343899461274157,0.0964073371283998,Fip2 v.s. NC,NA,lncRNA
PA60,ENSG00000186716,50.0673257209305,0.00743904973078594,8.73428871685969,0.00312281109954338,0.0213964619013073,-0.182788658050533,Fip2 v.s. NC,BCR,protein_coding
PA61,ENSG00000186716,32.7048612124579,0.00786959071234938,8.62278035855129,0.00331984724901128,0.0216948157435388,0.182788658050533,Fip2 v.s. NC,BCR,protein_coding
PA63,ENSG00000133460,9.58643030892236,0.027685927074872,2.80048842199565,0.0942355962574165,0.247405258256633,-0.221380718954248,Fip2 v.s. NC,SLC2A11,protein_coding
PA64,ENSG00000133460,11.7021759963793,0.0257539271564845,2.83865626846741,0.0920211380016515,0.246266093128229,0.221380718954248,Fip2 v.s. NC,SLC2A11,protein_coding
PA66,ENSG00000099974,9.18213145702383,0.0378576621665394,6.78756177540028,0.00917952003337683,0.0486687760260168,-0.307080016757436,Fip2 v.s. NC,DDTL,protein_coding
PA67,ENSG00000099974,16.5435016279255,0.0314056088136219,7.13233215360589,0.00757061962903571,0.0425468823151807,0.307080016757436,Fip2 v.s. NC,DDTL,protein_coding
PA71,ENSG00000100014,37.6763707070678,0.0138051885156481,0.14072542544892,0.707560903687456,0.846741836718906,-0.0202570882317049,Fip2 v.s. NC,SPECC1L,protein_coding
PA72,ENSG00000100014,4.38552740093459,0.0263437642947773,0.131129769958449,0.717263518779339,0.850426366147655,0.0202570882317048,Fip2 v.s. NC,SPECC1L,protein_coding
PA74,ENSG00000100028,7.57987565728342,0.0195825817853874,12.3905783858418,0.000431505573113388,0.00449085429795785,0.00586254509124742,Fip2 v.s. NC,SNRPD3,protein_coding
PA75,ENSG00000100028,49.7615001374733,0.0149521052855483,2.87850663757452,0.0897692390384143,0.243330774020726,0.010332970396066,Fip2 v.s. NC,SNRPD3,protein_coding
PA76,ENSG00000100028,48.0602615310051,0.00443267458978126,20.4876678456327,6.00166930581862e-06,0.000129728390379618,0.0202427798771404,Fip2 v.s. NC,SNRPD3,protein_coding
PA79,ENSG00000167037,7.96857183540905,0.0433031741904168,1.48567549726,0.222888644983274,0.426066049253742,-0.193704212454212,Fip2 v.s. NC,SGSM1,protein_coding
PA80,ENSG00000167037,8.45485512091231,0.0422618484634948,1.49286243176935,0.221772867994532,0.426066049253742,0.193704212454212,Fip2 v.s. NC,SGSM1,protein_coding
PA81,ENSG00000291087,242.566901703708,0.00735198510670897,0.211260521393243,0.645781209257087,0.82483872636928,0.00685270147298123,Fip2 v.s. NC,CRYBB2P1,lncRNA
PA82,ENSG00000291087,13.2568006861592,0.0103726092096143,0.198337538458823,0.656066096599267,0.82670212172374,-0.00685270147298126,Fip2 v.s. NC,CRYBB2P1,lncRNA
PA83,ENSG00000100104,43.9455079321348,0.00794037244240233,6.85713785045783,0.00882878569168007,0.0477093996031173,-0.171328519438354,Fip2 v.s. NC,SRRD,protein_coding
PA84,ENSG00000100104,12.6092598827736,0.0111077905946478,3.1907594581475,0.0740555996500058,0.208096235016516,0.0924706670572338,Fip2 v.s. NC,SRRD,protein_coding
PA85,ENSG00000100104,12.5597487901091,0.0131578793394118,2.19973057409965,0.138034861977979,0.310037901366534,0.07885785238112,Fip2 v.s. NC,SRRD,protein_coding
PA87,ENSG00000235954,77.8694942822184,0.0573975333076931,4.73425465290124,0.0295676571800814,0.113171165704871,0.1308427050374,Fip2 v.s. NC,TTC28-AS1,lncRNA
PA88,ENSG00000235954,15.5788725502249,0.0633584834704875,4.48158265186915,0.0342619795950006,0.115757976310146,-0.1308427050374,Fip2 v.s. NC,TTC28-AS1,lncRNA
PA91,ENSG00000100209,32.837828424655,0.0737029297322835,2.66380441266697,0.10265493724091,0.257553905041925,0.147014309805007,Fip2 v.s. NC,HSCB,protein_coding
PA92,ENSG00000100209,8.04595138005865,0.0884848704637931,2.42315173756196,0.119554176898071,0.285379810650441,-0.147014309805007,Fip2 v.s. NC,HSCB,protein_coding
PA96,ENSG00000182944,288.216626701558,0.00339718018362737,0.200455461520292,0.654353461521626,0.82670212172374,-0.0134418205049078,Fip2 v.s. NC,EWSR1,protein_coding
PA97,ENSG00000182944,174.37670306307,0.00344076617778387,0.199382132389317,0.655220033818169,0.82670212172374,0.013441820504908,Fip2 v.s. NC,EWSR1,protein_coding
PA99,ENSG00000186575,54.9781681742511,0.00926056314078902,5.73236948236852,0.0166549956815766,0.0688243203900446,0.137643472022955,Fip2 v.s. NC,NF2,protein_coding
PA100,ENSG00000184076,1703.16008355596,0.00573103149161658,4.63019133335305,0.0314140602312454,0.113171165704871,-0.0134947411001584,Fip2 v.s. NC,UQCR10,protein_coding
PA101,ENSG00000184076,71.2991348081723,0.00613758228143593,4.49371939202641,0.0340195851816375,0.115757976310146,0.0134947411001584,Fip2 v.s. NC,UQCR10,protein_coding
PA102,ENSG00000100330,4.44931317661818,0.0268663756363557,5.76165557931925,0.0163796310501842,0.0686966615686831,0.117693900302596,Fip2 v.s. NC,MTMR3,protein_coding
PA103,ENSG00000100330,38.6574473820886,0.0139663763928908,6.2515897936829,0.0124081892363629,0.0559445563368047,-0.117693900302596,Fip2 v.s. NC,MTMR3,protein_coding
PA107,ENSG00000184792,8.49828686806935,0.0618419003278989,4.63212345175703,0.0313787048105765,0.113171165704871,0.145022945348352,Fip2 v.s. NC,OSBP2,protein_coding
PA108,ENSG00000184792,45.9794008787141,0.0485578100392737,5.19108274902592,0.0227030674534619,0.0898529852735607,-0.145022945348352,Fip2 v.s. NC,OSBP2,protein_coding
PA109,ENSG00000253352,100.544932688966,0.0109607854688916,1.49824796837149,0.220941137506453,0.426066049253742,-0.0542543129679611,Fip2 v.s. NC,TUG1,protein_coding
PA110,ENSG00000253352,25.9177270322026,0.0127308996773985,1.43020644020213,0.231730750293063,0.437781968894155,0.0542543129679611,Fip2 v.s. NC,TUG1,protein_coding
PA114,ENSG00000182541,10.9403792520668,0.0289565478023359,1.04387457887182,0.306922056425768,0.529111029789207,-0.0723245998257791,Fip2 v.s. NC,LIMK2,protein_coding
PA115,ENSG00000182541,39.6675128205433,0.0218443608505771,1.14377092779408,0.28485691933003,0.503426379444896,0.0723245998257791,Fip2 v.s. NC,LIMK2,protein_coding
PA117,ENSG00000185721,480.246272518673,0.107372992108608,0.00183278863397618,0.965852130937198,0.999224907050997,-0.00104632881555855,Fip2 v.s. NC,DRG1,protein_coding
PA118,ENSG00000185721,7.19027334210405,0.129108235449823,0.00259746572692166,0.959353140518471,0.999224907050997,0.00104632881555848,Fip2 v.s. NC,DRG1,protein_coding
PA124,ENSG00000100234,82.0226836478805,0.00543375280253438,10.2172579316002,0.00139132553180667,0.0114988963069904,-0.130766823125083,Fip2 v.s. NC,TIMP3,protein_coding
PA125,ENSG00000100234,112.348731146032,0.00394388388774026,24.0256431514621,9.50611852753895e-07,2.67121930623844e-05,0.199522595552988,Fip2 v.s. NC,TIMP3,protein_coding
PA126,ENSG00000100281,8.52702207850722,0.0156240131206449,15.4120416424355,8.64357377805619e-05,0.00115659249125419,0.127720252720253,Fip2 v.s. NC,HMGXB4,protein_coding
PA127,ENSG00000100281,77.4548462427883,0.00988469593129109,16.3795955049817,5.18403049278254e-05,0.000766690825511523,-0.127720252720253,Fip2 v.s. NC,HMGXB4,protein_coding
PA130,ENSG00000100297,406.328625636527,0.0107931185833396,0.238506564097968,0.625286839608345,0.811786811146122,-0.00678402612808593,Fip2 v.s. NC,MCM5,protein_coding
PA131,ENSG00000100297,7.41283172549073,0.0201683604031875,0.232352716127174,0.629784785871369,0.811786811146122,0.00678402612808587,Fip2 v.s. NC,MCM5,protein_coding
PA137,ENSG00000273899,15.6969047841079,0.0740400074123264,0.799291553318668,0.371305267863716,0.585309261466407,-0.0368965518865832,Fip2 v.s. NC,NOL12,protein_coding
PA138,ENSG00000273899,155.028095503185,0.0638435611478315,0.886746435747163,0.346360518498148,0.556156032559883,0.0368965518865831,Fip2 v.s. NC,NOL12,protein_coding
PA139,ENSG00000100106,5.9758863406376,0.0233507158318677,0.286604449347784,0.592404741055131,0.77787725344155,0.0337263937833198,Fip2 v.s. NC,TRIOBP,protein_coding
PA140,ENSG00000100106,17.6257515676707,0.0127202178227695,0.724409711719737,0.3947012421169,0.606071306201359,-0.0762774464624559,Fip2 v.s. NC,TRIOBP,protein_coding
PA141,ENSG00000100106,29.4155830463861,0.00977608242743907,0.223808129549568,0.636153508840716,0.81625176248512,0.0425510526791363,Fip2 v.s. NC,TRIOBP,protein_coding
PA142,ENSG00000189060,32.8851299950417,0.00563542939518555,0.774146094678379,0.378937472971889,0.585309261466407,0.0112563632214094,Fip2 v.s. NC,H1-0,protein_coding
PA143,ENSG00000189060,12.4225822151085,0.0116957999899272,1.64117377260909,0.200164497916111,0.396100168411458,0.00961189873742559,Fip2 v.s. NC,H1-0,protein_coding
PA144,ENSG00000189060,465.331638578147,0.00384395441197916,2.10764290329508,0.146564919550304,0.31926156894291,-0.020868261958835,Fip2 v.s. NC,H1-0,protein_coding
PA146,ENSG00000100129,1596.17507129152,0.00648900634506351,3.45025358233258,0.0632420663461814,0.188470395414736,-0.0067409841065158,Fip2 v.s. NC,EIF3L,protein_coding
PA147,ENSG00000100129,26.9491597234351,0.00806568817999364,3.26575621430149,0.0707403999897411,0.20078840805169,0.00674098410651575,Fip2 v.s. NC,EIF3L,protein_coding
PA150,ENSG00000100142,8.11881679540229,0.0141557438549669,0.0116477292102672,0.914055466640005,0.984098031133492,-0.000350259016268993,Fip2 v.s. NC,POLR2F,protein_coding
PA151,ENSG00000100142,953.223651353705,0.00648389181081827,7.71045055781552,0.00549020469058259,0.0328244152777384,-0.0148216447470012,Fip2 v.s. NC,POLR2F,protein_coding
PA152,ENSG00000100142,13.1784472958594,0.0122530040468686,12.8634800426532,0.000335056925277693,0.00362119215396276,0.0151719037632701,Fip2 v.s. NC,POLR2F,protein_coding
PA155,ENSG00000100196,15.4247063859539,0.0116203323836797,0.565693492059204,0.45197530076073,0.651307997506488,-0.0168062155362996,Fip2 v.s. NC,KDELR3,protein_coding
PA156,ENSG00000100196,10.9915478750588,0.0126794883577276,3.42057808126256,0.0643884624904436,0.188470395414736,0.0373065938782021,Fip2 v.s. NC,KDELR3,protein_coding
PA157,ENSG00000100196,193.812177882262,0.00554088896623905,0.494104121185693,0.482102239611521,0.677353646654187,-0.0205003783419024,Fip2 v.s. NC,KDELR3,protein_coding
PA159,ENSG00000100216,24.3676853964723,0.00777426896225828,0.686083358462419,0.407499779189517,0.61463796406476,0.00778769436742247,Fip2 v.s. NC,TOMM22,protein_coding
PA160,ENSG00000100216,567.728293620134,0.00510745313782617,1.24484573299857,0.264539202525125,0.479583973610065,-0.011390671963227,Fip2 v.s. NC,TOMM22,protein_coding
PA161,ENSG00000100216,6.01600302713947,0.0189573402199305,0.62926495625134,0.427625060986696,0.625847094464904,0.00360297759580446,Fip2 v.s. NC,TOMM22,protein_coding
PA162,ENSG00000100226,12.047071509173,0.0533803030383406,0.137138357218774,0.711142610198085,0.846741836718906,-0.0632968803700511,Fip2 v.s. NC,GTPBP1,protein_coding
PA163,ENSG00000100226,21.2280974278194,0.0472582107397191,0.138123478553482,0.710153701090236,0.846741836718906,0.0632968803700511,Fip2 v.s. NC,GTPBP1,protein_coding
PA166,ENSG00000244509,279.915295871135,0.0450917332817356,0.188360165188044,0.664284956467252,0.828359098245061,0.0169455870436261,Fip2 v.s. NC,APOBEC3C,protein_coding
PA171,ENSG00000100335,30.5678811810976,0.0198715863861775,2.41942110977548,0.11983920874289,0.285379810650441,-0.097985103132162,Fip2 v.s. NC,MIEF1,protein_coding
PA172,ENSG00000100335,19.3891944060727,0.0115645032348582,0.77362778748158,0.37909710173269,0.585309261466407,0.0367408326967151,Fip2 v.s. NC,MIEF1,protein_coding
PA173,ENSG00000100335,15.6105391300717,0.0227930232126714,0.497786071288175,0.480474521815627,0.677353646654187,-0.0332792207792208,Fip2 v.s. NC,MIEF1,protein_coding
PA174,ENSG00000100335,40.7897695889686,0.0424935114743388,1.10956498837074,0.292176529947318,0.513135030719977,0.0945234912146677,Fip2 v.s. NC,MIEF1,protein_coding
PA177,ENSG00000100354,7.06458177344081,0.0276621448748459,3.04743131656548,0.0808649462009436,0.224980691905596,-0.102937209485832,Fip2 v.s. NC,TNRC6B,protein_coding
PA178,ENSG00000100354,39.4336123396937,0.0168421541425021,3.4209262046836,0.0643748863720759,0.188470395414736,0.102937209485833,Fip2 v.s. NC,TNRC6B,protein_coding
PA179,ENSG00000239900,485.58539984293,0.0206897375453042,0.863266096382247,0.352826308957772,0.563319277370079,0.0128840653241475,Fip2 v.s. NC,ADSL,protein_coding
PA180,ENSG00000239900,13.8387517177351,0.00979732392134084,0.00102976553858269,0.974400309975832,0.999224907050997,0.000250187167096912,Fip2 v.s. NC,ADSL,protein_coding
PA182,ENSG00000196236,18.4169967532411,0.0603055734872234,10.5250173136282,0.00117769308999689,0.0103416174465352,-0.297727493350418,Fip2 v.s. NC,XPNPEP3,protein_coding
PA183,ENSG00000196236,20.9095269857149,0.0331271514044501,3.49833203920983,0.0614306705525186,0.187630635057149,0.138881400308973,Fip2 v.s. NC,XPNPEP3,protein_coding
PA184,ENSG00000196236,33.7370523587983,0.044587474210128,2.55816586949333,0.109725816571351,0.268112647448258,0.158846093041445,Fip2 v.s. NC,XPNPEP3,protein_coding
PA188,ENSG00000100412,16.955959209359,0.0129378455301514,8.86297246607555,0.00291013302792277,0.0213964619013073,0.0724535550190603,Fip2 v.s. NC,ACO2,protein_coding
PA189,ENSG00000100412,82.959264619848,0.0040143288426983,1.90678174324131,0.167321186444302,0.353513183389841,-0.0557818679385049,Fip2 v.s. NC,ACO2,protein_coding
PA190,ENSG00000100412,108.567877479018,0.00460549607270309,0.117356684052162,0.731919251810967,0.86415676369278,-0.0166716870805554,Fip2 v.s. NC,ACO2,protein_coding
PA194,ENSG00000198911,24.654673861619,0.00767114806809062,1.3428013467652,0.24654054864457,0.457037425499186,0.0412478755009303,Fip2 v.s. NC,SREBF2,protein_coding
PA195,ENSG00000198911,9.0468990163995,0.118321124900568,0.940604895200956,0.33212232663334,0.545768267742505,0.0334807610132797,Fip2 v.s. NC,SREBF2,protein_coding
PA196,ENSG00000198911,110.704351958863,0.00600672591390701,3.29792543959868,0.0693674394061364,0.198900515031881,-0.0747286365142101,Fip2 v.s. NC,SREBF2,protein_coding
PA199,ENSG00000183172,245.328911618737,0.0379721253460795,7.46489692938783,0.0062913633347541,0.0368306895222063,-0.0328361379604257,Fip2 v.s. NC,SMDT1,protein_coding
PA200,ENSG00000183172,6.80387900038235,0.0530359149869823,6.61511518151771,0.0101116799111008,0.0526181862040615,0.0328361379604257,Fip2 v.s. NC,SMDT1,protein_coding
PA203,ENSG00000100344,17.5010338446576,0.0199068306092836,0.960797672976774,0.326985986460622,0.544856105362664,-0.0892515051997811,Fip2 v.s. NC,PNPLA3,protein_coding
PA204,ENSG00000100344,26.2174191184801,0.0181650661493347,0.982648819814429,0.321545729012913,0.544856105362664,0.0892515051997811,Fip2 v.s. NC,PNPLA3,protein_coding
PA206,ENSG00000188677,12.7551371792594,0.0261967828210574,0.37452345130729,0.540548865152744,0.737350636446219,-0.0467092744835623,Fip2 v.s. NC,PARVB,protein_coding
PA207,ENSG00000188677,22.3836564715137,0.052528941242597,0.161056894121948,0.688185318525086,0.833534803903229,0.0389085388614245,Fip2 v.s. NC,PARVB,protein_coding
PA208,ENSG00000188677,15.5921192359214,0.0785541706359522,2.76410258024384e-05,0.995805162527107,0.999224907050997,0.00780073562213784,Fip2 v.s. NC,PARVB,protein_coding
PA212,ENSG00000093000,15.4712537924424,0.0123851264054049,1.14699704180848,0.284178657325203,0.503426379444896,0.0411247397284378,Fip2 v.s. NC,NUP50,protein_coding
PA213,ENSG00000093000,88.6759647593133,0.00947814376377448,1.22366461705413,0.268642666589602,0.483901213536399,-0.0411247397284378,Fip2 v.s. NC,NUP50,protein_coding
PA215,ENSG00000128408,16.086576024031,0.017280772500148,18.9227544745897,1.3611937400909e-05,0.000254996960643694,-0.343774815903168,Fip2 v.s. NC,RIBC2,protein_coding
PA216,ENSG00000128408,32.5070774566303,0.0147708346593855,19.6232647630166,9.43137709996844e-06,0.000189301211792224,0.343774815903168,Fip2 v.s. NC,RIBC2,protein_coding
PA217,ENSG00000077942,4.35231743979178,0.382283812072097,1.69667947601428,0.192722802380227,0.386777136898526,0.006872521134702,Fip2 v.s. NC,FBLN1,protein_coding
PA218,ENSG00000077942,411.120005974297,0.0150424661662637,22.4375093021564,2.1709267386325e-06,5.54573103232484e-05,-0.218800869143503,Fip2 v.s. NC,FBLN1,protein_coding
PA219,ENSG00000077942,9.20847130078436,0.0132180053754949,0.95911684321505,0.32740948884308,0.544856105362664,0.00478111934402278,Fip2 v.s. NC,FBLN1,protein_coding
PA220,ENSG00000077942,290.895822260921,0.0169764388567663,18.4935094960221,1.70483890525404e-05,0.000281799842574344,0.207147228664779,Fip2 v.s. NC,FBLN1,protein_coding
PA227,ENSG00000075234,65.807340990603,0.0481134191442045,0.46870152220729,0.493585136279247,0.686620907398359,-0.033301157056757,Fip2 v.s. NC,TTC38,protein_coding
PA228,ENSG00000075234,7.5899685211947,0.0631872488928862,0.440980366696884,0.506649653297934,0.70132291909714,0.033301157056757,Fip2 v.s. NC,TTC38,protein_coding
PA230,ENSG00000100416,39.6302351893242,0.0271287203680695,8.00264838402284,0.00467089831037156,0.0285330962003132,0.208718673521346,Fip2 v.s. NC,TRMU,protein_coding
PA231,ENSG00000100416,66.9597203908351,0.0261266859375747,8.16723146076178,0.00426539638862532,0.0272403723909935,-0.208718673521346,Fip2 v.s. NC,TRMU,protein_coding
PA233,ENSG00000285722,17.2671862993331,0.0174208630859852,0.534706585799057,0.46463480657599,0.666134595142109,-0.0820259784075574,Fip2 v.s. NC,NA,lncRNA
PA234,ENSG00000285722,6.66925425785759,0.0238092108778777,0.515909494950641,0.472591810179626,0.673319406540607,0.0820259784075573,Fip2 v.s. NC,NA,lncRNA
PA241,ENSG00000100239,14.2974594828502,0.0173472598336254,1.78502503164831,0.181533490188327,0.376217891794904,-0.148704255895907,Fip2 v.s. NC,PPP6R2,protein_coding
PA242,ENSG00000100239,6.97895273960707,0.0220730787793142,1.7211277296166,0.18954794610959,0.385238764624413,0.148704255895907,Fip2 v.s. NC,PPP6R2,protein_coding
PA243,ENSG00000025770,8.31788916338258,0.0152511951644338,2.06493651942121,0.15072120484,0.323739330582548,-0.0518437836866691,Fip2 v.s. NC,NCAPH2,protein_coding
PA244,ENSG00000025770,77.0509621827557,0.00970051736505033,2.19368403305751,0.138577515295695,0.310037901366534,0.0518437836866692,Fip2 v.s. NC,NCAPH2,protein_coding
PA249,ENSG00000015475,50.1354997788798,0.00756210366584522,4.60174331556244,0.0319394624565295,0.113607455066896,0.0919959553058668,Fip2 v.s. NC,BID,protein_coding
PA250,ENSG00000015475,131.532647458724,0.00705973361104614,4.70898680673785,0.0300053307553596,0.113171165704871,-0.0919959553058668,Fip2 v.s. NC,BID,protein_coding
PA256,ENSG00000100056,6.89452000379988,0.0215892941939138,25.0752035539825,5.5137339418962e-07,1.72151026408092e-05,0.361047861047861,Fip2 v.s. NC,ESS2,protein_coding
PA257,ENSG00000100056,28.674600346754,0.0141719382655209,26.7212161697605,2.35026725203979e-07,8.25531372278975e-06,-0.361047861047861,Fip2 v.s. NC,ESS2,protein_coding
PA261,ENSG00000242259,26.7363969811527,0.0287285092957925,0.00481668988704342,0.944669337176299,0.997940164460676,0.0121184467874363,Fip2 v.s. NC,C22orf39,protein_coding
PA262,ENSG00000242259,12.6361151105075,0.0345174972393501,0.00507359117682427,0.943215385522057,0.997940164460676,-0.0121184467874363,Fip2 v.s. NC,C22orf39,protein_coding
PA263,ENSG00000070010,13.7153619854758,0.0107550159166697,0.358290887770252,0.549456968172506,0.745881198340455,-0.00539199371911586,Fip2 v.s. NC,UFD1,protein_coding
PA264,ENSG00000070010,14.644034360877,0.0335751039861799,2.188767113522,0.139020553637663,0.310037901366534,0.0178870861580958,Fip2 v.s. NC,UFD1,protein_coding
PA265,ENSG00000070010,411.404438899602,0.0200884075947173,0.477623774632789,0.489500625095966,0.684326744537147,-0.0124950924389799,Fip2 v.s. NC,UFD1,protein_coding
PA267,ENSG00000215012,44.3343007155964,0.00723057168005818,53.2828983674971,2.8880993631257e-13,4.05777960519161e-11,0.420850303776167,Fip2 v.s. NC,RTL10,protein_coding
PA268,ENSG00000215012,8.02651826165718,0.023940033752143,0.000335530954835406,0.985385563591945,0.999224907050997,0.000379113853929927,Fip2 v.s. NC,RTL10,protein_coding
PA269,ENSG00000215012,51.4069621569318,0.0061365539566253,55.1361986016203,1.12460562495613e-13,3.16014180612674e-11,-0.421229417630097,Fip2 v.s. NC,RTL10,protein_coding
PA280,ENSG00000100030,7.90565281817817,0.0200092068506259,1.07659457933563,0.299460622832592,0.520363538006003,0.0109011729100784,Fip2 v.s. NC,MAPK1,protein_coding
PA281,ENSG00000100030,209.230560823315,0.00315916620308385,18.6566312825759,1.56502000228275e-05,0.000274856637900908,0.1364438494997,Fip2 v.s. NC,MAPK1,protein_coding
PA282,ENSG00000100030,77.9087426557905,0.00368152455555765,17.8646131263014,2.37190826101116e-05,0.000370281234080075,-0.128264512542291,Fip2 v.s. NC,MAPK1,protein_coding
PA283,ENSG00000100030,6.02609589105075,0.0187978981368643,4.52579415769664,0.0333875763285209,0.115757976310146,-0.019080509867487,Fip2 v.s. NC,MAPK1,protein_coding
PA291,ENSG00000099958,19.1316383929655,0.0143137793533646,0.0688878412619687,0.792963017034502,0.909480031782428,0.00928571428571434,Fip2 v.s. NC,DERL3,protein_coding
PA292,ENSG00000099958,38.5780955406089,0.0125110263125528,0.0738257064242518,0.785845885637319,0.908735365695829,-0.00928571428571423,Fip2 v.s. NC,DERL3,protein_coding
PA294,ENSG00000099977,1603.27758932158,0.0644860777778331,0.32575748156853,0.568167980617706,0.763401600741992,0.00135196765255774,Fip2 v.s. NC,DDT,protein_coding
PA295,ENSG00000099977,9.0463470244493,0.0782284223289027,0.304419428813276,0.581125009360862,0.770264752973595,-0.0013519676525577,Fip2 v.s. NC,DDT,protein_coding
PA296,ENSG00000224205,74.7152174880835,0.011597047274893,4.46461890955842,0.0346038078649548,0.115757976310146,0.0635180732779606,Fip2 v.s. NC,GSTT3P,transcribed_unprocessed_pseudogene
PA297,ENSG00000224205,5.32011082113919,0.0228639124397757,4.24047203509411,0.0394711912868987,0.130487114724924,-0.0635180732779605,Fip2 v.s. NC,GSTT3P,transcribed_unprocessed_pseudogene
PA302,ENSG00000180957,288.35470096809,0.0327560285497791,11.7108537663101,0.000621366045679174,0.00613540716112085,-0.0664447069002201,Fip2 v.s. NC,PITPNB,protein_coding
PA303,ENSG00000180957,12.2377845301474,0.0274748037377049,22.1945272182967,2.46375080694695e-06,5.76928313960078e-05,0.0604114016411222,Fip2 v.s. NC,PITPNB,protein_coding
PA304,ENSG00000180957,7.5488386104416,0.0657116609741031,0.297021011632808,0.585756034201401,0.772757960613116,0.0060333052590979,Fip2 v.s. NC,PITPNB,protein_coding
PA305,ENSG00000100154,19.8824767310612,0.0188203091676529,2.06287944882046,0.150924741303608,0.323739330582548,0.132092451859894,Fip2 v.s. NC,TTC28,protein_coding
PA306,ENSG00000100154,8.52247134122447,0.0226343480949763,0.181732171317243,0.669888846589757,0.828359098245061,-0.0346654376642137,Fip2 v.s. NC,TTC28,protein_coding
PA307,ENSG00000100154,9.65128346052955,0.031726853659314,1.40201828900699,0.23638593542175,0.442829652356745,-0.0974270141956801,Fip2 v.s. NC,TTC28,protein_coding
PA309,ENSG00000100219,193.707769185267,0.00727827272468234,1.33174700707772,0.248494661093816,0.457037425499186,-0.0206396311093662,Fip2 v.s. NC,XBP1,protein_coding
PA310,ENSG00000100219,12.9273395464344,0.0102428632007506,1.25370688727973,0.262845661138335,0.479583973610065,0.0206396311093662,Fip2 v.s. NC,XBP1,protein_coding
PA313,ENSG00000100280,11.8296333987148,0.0831182164024678,3.87334364049252e-05,0.995034302355068,0.999224907050997,-0.000944915758357839,Fip2 v.s. NC,AP1B1,protein_coding
PA314,ENSG00000100280,53.1648847036107,0.0689548789501047,9.43686160326251e-07,0.999224907050997,0.999224907050997,0.000944915758357867,Fip2 v.s. NC,AP1B1,protein_coding
PA315,ENSG00000100296,88.4654364831682,0.0110093550682503,11.4728864533414,0.000706189131945951,0.00661463820256041,-0.159798339616193,Fip2 v.s. NC,THOC5,protein_coding
PA321,ENSG00000099995,57.825486165959,0.00399359672267542,13.5079152616407,0.000237559305407598,0.0029023549921537,0.100522271950367,Fip2 v.s. NC,SF3A1,protein_coding
PA322,ENSG00000099995,131.540956606938,0.00575374596838998,0.0420164937996717,0.837588335252229,0.933977469070938,-0.00891864226235883,Fip2 v.s. NC,SF3A1,protein_coding
PA323,ENSG00000099995,98.6141093173636,0.00569295599887002,6.28635257960971,0.0121671185887952,0.0559445563368047,-0.0916036296880079,Fip2 v.s. NC,SF3A1,protein_coding
PA327,ENSG00000133422,12.7334403869078,0.0135609297916971,1.71326000213972,0.190562947625599,0.385238764624413,0.0976092391145208,Fip2 v.s. NC,MORC2,protein_coding
PA328,ENSG00000133422,36.2649525591949,0.0108309496562779,1.78053126071855,0.182084104213904,0.376217891794904,-0.0976092391145208,Fip2 v.s. NC,MORC2,protein_coding
PA329,ENSG00000198832,607.835161432962,0.00873233170352566,2.81644208650228,0.0933030123410829,0.247341004413625,-0.0112947320100817,Fip2 v.s. NC,SELENOM,protein_coding
PA330,ENSG00000198832,14.2498283728897,0.0126203007002995,2.59197030422005,0.107406649804704,0.264747970132648,0.0112947320100816,Fip2 v.s. NC,SELENOM,protein_coding
PA332,ENSG00000100105,33.1684344813583,0.00993365736147576,0.956632915907775,0.32803667266312,0.544856105362664,0.0703507489952504,Fip2 v.s. NC,PATZ1,protein_coding
PA333,ENSG00000100105,11.6320354872868,0.0125135322838463,0.92226643844046,0.336880582409315,0.547477214843156,-0.0703507489952503,Fip2 v.s. NC,PATZ1,protein_coding
PA334,ENSG00000184708,34.2468687495462,0.0138834654191307,0.0542485043016541,0.815828898924645,0.924386776604134,-0.0184381894908211,Fip2 v.s. NC,EIF4ENIF1,protein_coding
PA335,ENSG00000184708,9.88912975118662,0.0189902069987373,0.0515149884733219,0.820447742173583,0.925886809440871,0.0184381894908211,Fip2 v.s. NC,EIF4ENIF1,protein_coding
PA336,ENSG00000241878,69.7026174613215,0.0209443281122559,0.0759587192743254,0.782850628243581,0.908735365695829,-0.00607035599407535,Fip2 v.s. NC,PISD,protein_coding
PA337,ENSG00000241878,11.1976586611253,0.0328224806430134,0.0545154117992155,0.815384539018867,0.924386776604134,0.00607035599407535,Fip2 v.s. NC,PISD,protein_coding
PA345,ENSG00000128335,26.8992972562913,0.0222244317616589,1.68639565062993,0.194076783995346,0.386777136898526,0.0553112284999548,Fip2 v.s. NC,APOL2,protein_coding
PA346,ENSG00000128335,127.771247418955,0.0201824993871657,1.76563088892188,0.183923716520395,0.377244995198766,-0.0553112284999548,Fip2 v.s. NC,APOL2,protein_coding
PA347,ENSG00000100345,152.173412324441,0.0161309390609439,13.1243815350789,0.000291477561200401,0.00327620778789251,-0.193242230642483,Fip2 v.s. NC,MYH9,protein_coding
PA348,ENSG00000100345,5.77248568775092,0.0760334550215741,7.36976161634854,0.00663297262073959,0.0380380674781189,0.0332519269081847,Fip2 v.s. NC,MYH9,protein_coding
PA349,ENSG00000100345,97.2030659333524,0.017552446385723,8.69088805693744,0.00319804768631639,0.0213964619013073,0.159990303734298,Fip2 v.s. NC,MYH9,protein_coding
PA351,ENSG00000100348,462.160415096375,0.00307839979544681,6.53224058759091,0.0105936431726476,0.0541238860275267,0.0475850311999328,Fip2 v.s. NC,TXN2,protein_coding
PA352,ENSG00000100348,87.6823632457271,0.00323845236486921,6.42562059844904,0.0112485599397325,0.054497333501118,-0.047585031199933,Fip2 v.s. NC,TXN2,protein_coding
PA353,ENSG00000100350,124.960080894695,0.00823540634453196,0.2470623194491,0.619151226862687,0.809216254643791,-0.015978371495824,Fip2 v.s. NC,FOXRED2,protein_coding
PA354,ENSG00000100350,18.3382744447664,0.0104979594846281,0.235400530098687,0.627548011608495,0.811786811146122,0.015978371495824,Fip2 v.s. NC,FOXRED2,protein_coding
PA366,ENSG00000100201,812.334956095608,0.0113285068347533,0.000103825644721667,0.991870106345901,0.999224907050997,-1.01212240763981e-05,Fip2 v.s. NC,DDX17,protein_coding
PA367,ENSG00000100201,3.27841207398114,0.030022202263586,8.20586477132679e-05,0.992772363544251,0.999224907050997,1.01212240764528e-05,Fip2 v.s. NC,DDX17,protein_coding
PA369,ENSG00000100221,16.7548074573511,0.012916764890384,5.93683688328319,0.0148276062666575,0.0651024587645432,0.0732638211497136,Fip2 v.s. NC,JOSD1,protein_coding
PA370,ENSG00000100221,127.891446376487,0.00978684553547389,6.32222816099755,0.0119233713196871,0.0558411223472015,-0.0732638211497135,Fip2 v.s. NC,JOSD1,protein_coding
PA375,ENSG00000100316,14420.9753982696,0.0100538325554987,0.321823820297169,0.570513651800065,0.763401600741992,-0.000291378595174474,Fip2 v.s. NC,RPL3,protein_coding
PA376,ENSG00000100316,8.2394816214104,0.0270853713359417,0.349609164135686,0.554334456178761,0.748884529741499,0.000139018358661355,Fip2 v.s. NC,RPL3,protein_coding
PA378,ENSG00000100372,14.2931311979438,0.0215635619351334,1.82957465011279,0.176177793950636,0.369447463433796,-0.13271697484591,Fip2 v.s. NC,SLC25A17,protein_coding
PA379,ENSG00000100372,9.80852746000801,0.0180131395768322,0.00611283241283189,0.937681208193498,0.997940164460676,-0.00452273863068464,Fip2 v.s. NC,SLC25A17,protein_coding
PA380,ENSG00000100372,11.9835081858657,0.0134628341659914,2.39240285380738,0.121926091835437,0.285510265047981,0.137239713476595,Fip2 v.s. NC,SLC25A17,protein_coding
PA381,ENSG00000100380,95.2969128388442,0.0040081033037127,0.680593687010202,0.409382365097312,0.61463796406476,0.00723384786267273,Fip2 v.s. NC,ST13,protein_coding
PA382,ENSG00000100380,50.4078824669564,0.00655784882866192,0.950357762004217,0.329628248795918,0.544856105362664,0.00623992173909897,Fip2 v.s. NC,ST13,protein_coding
PA383,ENSG00000100380,185.608410418234,0.00736767747567375,3.8476014267457,0.0498171848092089,0.160903780820548,0.0322787767864428,Fip2 v.s. NC,ST13,protein_coding
PA384,ENSG00000100380,57.183481643515,0.0263483426552367,4.52705731029462,0.0333629393560738,0.115757976310146,-0.0232368119812711,Fip2 v.s. NC,ST13,protein_coding
PA385,ENSG00000100401,186.338115121084,0.0294554663206697,1.07421168032816,0.299996061056842,0.520363538006003,-0.0197857256900903,Fip2 v.s. NC,RANGAP1,protein_coding
PA386,ENSG00000100401,8.83655225955272,0.038975969884672,0.98041826095649,0.322095566086255,0.544856105362664,0.0197857256900903,Fip2 v.s. NC,RANGAP1,protein_coding
PA389,ENSG00000100413,88.306656813631,0.0818836026210898,1.0117069957798,0.31449424270765,0.538859037810059,-0.0609646902329829,Fip2 v.s. NC,POLR3H,protein_coding
PA391,ENSG00000100418,92.4482844000781,0.00533327214203579,0.789590503178829,0.374223977060484,0.585309261466407,0.0407928784558431,Fip2 v.s. NC,DESI1,protein_coding
PA392,ENSG00000100418,40.2607164060803,0.00574204769977871,0.776242566814219,0.378292765465505,0.585309261466407,-0.0407928784558432,Fip2 v.s. NC,DESI1,protein_coding
PA393,ENSG00000100138,440.629119660587,0.00277844030975228,2.12157018470052,0.145237577203624,0.318841868704832,0.0210449198089543,Fip2 v.s. NC,SNU13,protein_coding
PA394,ENSG00000100138,1777.70620377329,0.00275690940562197,2.13274644344315,0.14418221504307,0.318841868704832,-0.0210449198089543,Fip2 v.s. NC,SNU13,protein_coding
PA395,ENSG00000159958,1.54757149862233,0.319219863006463,0.311301465986418,0.576882649806043,0.768265519409943,0.0901515151515151,Fip2 v.s. NC,TNFRSF13C,protein_coding
PA396,ENSG00000159958,9.20745807653313,0.121266140451436,0.59611524127698,0.440064088012546,0.637412416141884,-0.0901515151515152,Fip2 v.s. NC,TNFRSF13C,protein_coding
PA397,ENSG00000100162,82.9693808731418,0.0110705391518662,0.0177895523851035,0.893894853991779,0.980243232812533,0.003666451604589,Fip2 v.s. NC,CENPM,protein_coding
PA398,ENSG00000100162,8.63965280587343,0.0177786416625177,0.0167261127855696,0.897096950575174,0.980243232812533,-0.00366645160458898,Fip2 v.s. NC,CENPM,protein_coding
PA399,ENSG00000198951,77.8474811688873,0.0220674993764864,0.164749725488761,0.684820680280087,0.833534803903229,0.026199070855338,Fip2 v.s. NC,NAGA,protein_coding
PA400,ENSG00000198951,44.6474782674952,0.0229421382636422,0.161192254622115,0.68806120092241,0.833534803903229,-0.026199070855338,Fip2 v.s. NC,NAGA,protein_coding
PA401,ENSG00000184983,260.939680567457,0.00936588741954543,3.64604875415444,0.0562023969527491,0.173548060920027,0.0301669220199142,Fip2 v.s. NC,NDUFA6,protein_coding
PA403,ENSG00000189306,8.98536092544748,0.0495779210850991,3.75095586463918,0.0527773218253208,0.16663401610017,0.068783204595595,Fip2 v.s. NC,RRP7A,protein_coding
PA404,ENSG00000189306,28.7130037967789,0.0452096220012652,11.6757753131848,0.00063319148637902,0.00613540716112085,0.25242850974879,Fip2 v.s. NC,RRP7A,protein_coding
PA405,ENSG00000189306,79.1915323582342,0.0100328224454949,31.1643456160319,2.37080802154715e-08,1.11032842342458e-06,-0.321211714344385,Fip2 v.s. NC,RRP7A,protein_coding
PA419,ENSG00000226328,23.8331119218609,0.0149957648724082,3.79868787349529,0.0512927632734137,0.163787119088969,0.162370575161273,Fip2 v.s. NC,NUP50-DT,lncRNA
PA420,ENSG00000226328,17.9313430007429,0.0174145544443231,3.39422560077573,0.0654250781810729,0.18953038112249,-0.155323358811731,Fip2 v.s. NC,NUP50-DT,lncRNA
PA421,ENSG00000226328,1.49971793628548,0.313650130429167,0.077944636144565,0.780102343283645,0.908735365695829,-0.00704721634954193,Fip2 v.s. NC,NUP50-DT,lncRNA
PA422,ENSG00000100364,14.3882835600431,0.021591338956871,2.22149811376314,0.136100937494288,0.310037901366534,0.0812709740452827,Fip2 v.s. NC,KIAA0930,protein_coding
PA423,ENSG00000100364,39.5827828619292,0.00884526258076129,0.668138879782042,0.413701231661326,0.61463796406476,-0.0549806720190306,Fip2 v.s. NC,KIAA0930,protein_coding
PA424,ENSG00000100364,28.9303671368065,0.0145308476827884,0.149235918998173,0.699266613336567,0.843321537972427,-0.026290302026252,Fip2 v.s. NC,KIAA0930,protein_coding
PA427,ENSG00000231711,11.0843442490817,0.018837403023496,8.9036595791647,0.00284599711503717,0.0213964619013073,0.356366459627329,Fip2 v.s. NC,LINC00899,lncRNA
PA428,ENSG00000231711,7.97700716899275,0.0210895774253275,8.74158430487703,0.00311034164589562,0.0213964619013073,-0.356366459627329,Fip2 v.s. NC,LINC00899,lncRNA
PA437,ENSG00000188130,57.9159899692922,0.0499390383044501,2.78605353969741,0.0950881419634033,0.247405258256633,0.12729118876201,Fip2 v.s. NC,MAPK12,protein_coding
PA438,ENSG00000188130,18.7582624388771,0.0538860090727257,2.66445724902955,0.102612823097404,0.257553905041925,-0.12729118876201,Fip2 v.s. NC,MAPK12,protein_coding
PA445,ENSG00000205560,23.0868636996489,0.0190213163984464,0.662747895113512,0.415591505951261,0.61463796406476,0.05625,Fip2 v.s. NC,CPT1B,protein_coding
PA446,ENSG00000205560,3.04627621065658,0.0407918005679977,0.596350860744735,0.439973734954858,0.637412416141884,-0.05625,Fip2 v.s. NC,CPT1B,protein_coding
PA450,ENSG00000206195,11.4302923647277,0.0187204793144675,2.2174044354176,0.136462308615792,0.310037901366534,0.0603973784635806,Fip2 v.s. NC,DUXAP8,lncRNA
PA451,ENSG00000206195,23.08803816277,0.019062391773606,0.00521520039895762,0.94242973818203,0.997940164460676,-0.00472208395553342,Fip2 v.s. NC,DUXAP8,lncRNA
PA453,ENSG00000099901,261.78421899097,0.0047274538693194,0.0702809561121569,0.790928146940209,0.909480031782428,-0.00755575513174311,Fip2 v.s. NC,RANBP1,protein_coding
PA454,ENSG00000099940,10.1578447879815,0.0150394300193901,16.1427216417039,5.87438735050715e-05,0.000825351422746255,-0.0822257687293919,Fip2 v.s. NC,SNAP29,protein_coding
PA455,ENSG00000099940,26.4210056157663,0.00736640504470617,32.2190855537562,1.37731156213053e-08,7.74049097917359e-07,-0.18176376428188,Fip2 v.s. NC,SNAP29,protein_coding
PA456,ENSG00000185651,894.473130951376,0.00783348590262401,8.1101299962217,0.00440185699134126,0.0274871514348199,-0.0888454587718823,Fip2 v.s. NC,UBE2L3,protein_coding
PA457,ENSG00000185651,103.040154639742,0.00305271568865537,9.1704855834072,0.00245949302921962,0.0197462154631632,-0.0272248932992785,Fip2 v.s. NC,UBE2L3,protein_coding
PA458,ENSG00000100028,1488.68827165317,0.00125814495170726,41.0948830236444,1.4501549355283e-10,1.35831178961151e-08,-0.0774020384714238,Fip2 v.s. NC,SNRPD3,protein_coding
PA459,ENSG00000100028,240.833992226183,0.00180061355402045,15.0832028889576,0.000102874625349941,0.00131398953287879,0.04096374310697,Fip2 v.s. NC,SNRPD3,protein_coding
PA460,ENSG00000197077,6.29497922854964,0.0443838575568393,0.716620603569197,0.397254654633299,0.606676945391071,0.0292404989892121,Fip2 v.s. NC,KIAA1671,protein_coding
PA461,ENSG00000197077,72.7479022826323,0.0214296675896053,0.914181989484995,0.339007243354837,0.547477214843156,-0.0292404989892121,Fip2 v.s. NC,KIAA1671,protein_coding
PA462,ENSG00000186575,18.361223241294,0.0110895939324771,5.5242246479318,0.0187549130225571,0.075287579419122,-0.137643472022956,Fip2 v.s. NC,NF2,protein_coding
PA463,ENSG00000100234,23.4574722938224,0.0356363417760357,4.08709431362342,0.0432118683880631,0.141192267640067,-0.0687557724279048,Fip2 v.s. NC,TIMP3,protein_coding
PA464,ENSG00000100097,9.80350071735288,0.0602072433589271,0.416242239149241,0.518818074468715,0.711160385003458,0.000775670543941329,Fip2 v.s. NC,LGALS1,protein_coding
PA465,ENSG00000100097,14.6882580960561,0.0231349288120074,2.47697490527936,0.115524255933067,0.279847551010276,0.00184564078458428,Fip2 v.s. NC,LGALS1,protein_coding
PA466,ENSG00000100097,49.6060219716672,0.00516392592727698,0.0221106123246813,0.881793220743546,0.971701549133084,0.000278440588648919,Fip2 v.s. NC,LGALS1,protein_coding
PA467,ENSG00000100097,4270.47522847642,0.00496242840427506,1.15911101945382,0.281649983479882,0.503426379444896,-0.00289975191717451,Fip2 v.s. NC,LGALS1,protein_coding
PA468,ENSG00000244509,30.406622447068,0.047769986908993,0.179131651993075,0.672120549465743,0.828359098245061,-0.0169455870436263,Fip2 v.s. NC,APOBEC3C,protein_coding
PA469,ENSG00000239900,11.0236522978242,0.0674712271151288,1.52575236595439,0.216751059974391,0.422965610088916,-0.0131342524912444,Fip2 v.s. NC,ADSL,protein_coding
PA470,ENSG00000100387,19.9787887832102,0.00736263052644427,2.87332982557258,0.0900583647621192,0.243330774020726,0.00827167792973293,Fip2 v.s. NC,RBX1,protein_coding
PA471,ENSG00000100387,1005.78049034044,0.00570919534053735,3.02395002923649,0.0820434101631846,0.226021551527989,-0.00827167792973282,Fip2 v.s. NC,RBX1,protein_coding
PA472,ENSG00000100393,6.85578545972412,0.0532974434522215,5.6068694196466,0.0178901973438905,0.0728571804874382,0.067008201585719,Fip2 v.s. NC,EP300,protein_coding
PA473,ENSG00000100393,99.1366613010445,0.0276159007353868,6.94613745559568,0.00840004079105232,0.0462825776918765,-0.067008201585719,Fip2 v.s. NC,EP300,protein_coding
PA474,ENSG00000131100,593.36131583713,0.0034294234125041,8.89334110880998,0.0028621251993699,0.0213964619013073,-0.0409307534387899,Fip2 v.s. NC,ATP6V1E1,protein_coding
PA475,ENSG00000131100,63.6754203231032,0.00370333938409766,8.70041444218542,0.00318137709542713,0.0213964619013073,0.0409307534387899,Fip2 v.s. NC,ATP6V1E1,protein_coding
PA478,ENSG00000128294,9.03579292823698,0.0453574599094466,2.69784074420603,0.10048425183244,0.256944455993072,0.269776714513557,Fip2 v.s. NC,TPST2,protein_coding
PA479,ENSG00000128294,8.97504682530709,0.045493006344719,2.69627120541076,0.100583239000847,0.256944455993072,-0.269776714513557,Fip2 v.s. NC,TPST2,protein_coding
PA480,ENSG00000100296,29.1446015650168,0.0124391899672404,10.9986621577284,0.000911776773472662,0.00826481526921994,0.159798339616193,Fip2 v.s. NC,THOC5,protein_coding
PA481,ENSG00000198792,24.008661666458,0.0125059265229434,0.103436751384343,0.747743738989356,0.875483294400037,-0.030086649550706,Fip2 v.s. NC,TMEM184B,protein_coding
PA482,ENSG00000198792,27.0656208954298,0.0122120227764844,0.103827097284267,0.747284424943223,0.875483294400037,0.0300866495507059,Fip2 v.s. NC,TMEM184B,protein_coding
PA483,ENSG00000100316,17.1575952447206,0.0124257274508733,0.181048680310596,0.670473565955496,0.828359098245061,0.000148450885681273,Fip2 v.s. NC,RPL3,protein_coding
PA484,ENSG00000100316,8.91673148088409,0.0261825183167572,0.000147417124736648,0.990312686393095,0.999224907050997,3.90935083187946e-06,Fip2 v.s. NC,RPL3,protein_coding
PA485,ENSG00000100380,869.114426353597,0.00144646313161016,5.79504644245947,0.0160713903269241,0.0684251618464496,-0.0436177648370384,Fip2 v.s. NC,ST13,protein_coding
PA486,ENSG00000100380,21.6607625719809,0.0247698621304739,0.0077003092720247,0.930074261016475,0.997522394448968,0.000606403705226046,Fip2 v.s. NC,ST13,protein_coding
PA487,ENSG00000100380,114.129480062226,0.00335613238751895,4.63950481367051,0.0312440165647821,0.113171165704871,0.0204956267248689,Fip2 v.s. NC,ST13,protein_coding
PA488,ENSG00000100413,9.93127288619095,0.0957510747177192,0.914824948886896,0.338837450642499,0.547477214843156,0.0609646902329829,Fip2 v.s. NC,POLR3H,protein_coding
PA489,ENSG00000184983,86.9333765603399,0.00421682963548418,0.511619594289684,0.474438585391602,0.673319406540607,-0.0040299956121163,Fip2 v.s. NC,NDUFA6,protein_coding
PA490,ENSG00000184983,1857.5450473852,0.00344681369412741,3.72897593437774,0.0534761704286433,0.166964487671653,-0.0261369264077979,Fip2 v.s. NC,NDUFA6,protein_coding

