gene_id,pd,r,p.value,qvalue,delta_RPP,contrast,gene_name,gene_biotype
ENSG00000015475,0.053182699097096,0.0587482849128889,0.415657182451919,0.763839667238087,0.0529930357495379,Fip1 v.s. NC,BID,protein_coding
ENSG00000025770,0.0146408615308137,-0.0223499601045988,0.848088846267279,1,-0.0146408615308137,Fip1 v.s. NC,NCAPH2,protein_coding
ENSG00000070010,0.0268667084353181,0.0479472610616779,0.29200687261504,0.390662544531352,0.0219710159990042,Fip1 v.s. NC,UFD1,protein_coding
ENSG00000075234,0.0446627131208302,0.0362268264628769,0.62927795690939,1,0.0156478683165118,Fip1 v.s. NC,TTC38,protein_coding
ENSG00000077942,0.0948560888214111,0.0824633715284842,0.00331698479953691,0.000555828735785396,0.05661531018245,Fip1 v.s. NC,FBLN1,protein_coding
ENSG00000093000,0.0251814545993186,0.0252301757409437,0.678636758621547,1,0.0158918371129799,Fip1 v.s. NC,NUP50,protein_coding
ENSG00000093009,0.0409014327349746,-0.0778012075581862,0.170581600467567,0.191989149501766,-0.0409014327349746,Fip1 v.s. NC,CDC45,protein_coding
ENSG00000093010,0.0275592242754221,0.00391092723074529,0.433757064652332,0.819628162342834,-0.00833109910355834,Fip1 v.s. NC,COMT,protein_coding
ENSG00000099901,0.0654481385987344,0.0520294637766453,0.0727127957334455,0.0880945375647981,0.025961184223336,Fip1 v.s. NC,RANBP1,protein_coding
ENSG00000099940,0.212360079724981,0.205924702922216,0.000199382710413247,0.000320164037190901,0.100519247653527,Fip1 v.s. NC,SNAP29,protein_coding
ENSG00000099942,0.0766460493309956,-0.076150333464567,0.313776915845817,0.599067506944934,-0.0766460493309956,Fip1 v.s. NC,CRKL,protein_coding
ENSG00000099958,0.115293986139057,0.118237587418641,0.261115126298056,0.415482836494217,0.115293986139057,Fip1 v.s. NC,DERL3,protein_coding
ENSG00000099968,0.0669677467134378,0.00901234183413592,0.49101089271713,0.733486254547621,-0.0250146498427917,Fip1 v.s. NC,BCL2L13,protein_coding
ENSG00000099974,0.151515151515151,0.0818614863201969,0.439754739935273,1,0.0848767813963059,Fip1 v.s. NC,DDTL,protein_coding
ENSG00000099977,0.00287561743648343,-0.0165175408956797,0.46275879143144,0.748348297641213,-0.00287561743648346,Fip1 v.s. NC,DDT,protein_coding
ENSG00000099995,0.0458378990119935,0.0412338796562527,0.338842606897085,0.670226459607754,0.0216189127460755,Fip1 v.s. NC,SF3A1,protein_coding
ENSG00000100014,0.115520246126442,0.160074538644865,0.141962837520054,0.175473640173168,0.115520246126442,Fip1 v.s. NC,SPECC1L,protein_coding
ENSG00000100028,0.0832853660948217,0.0975125223865826,3.79755829712756e-10,2.05070035027196e-11,0.0496419291926786,Fip1 v.s. NC,SNRPD3,protein_coding
ENSG00000100030,0.0293867933383771,0.0131314559895983,0.520701251283072,1,0.00604594290030991,Fip1 v.s. NC,MAPK1,protein_coding
ENSG00000100056,0.038961038961039,0.0486899462421801,0.680205725267339,0.877971493264273,0.0297791297791298,Fip1 v.s. NC,ESS2,protein_coding
ENSG00000100097,0.00285967127482073,-0.00239497828579332,0.435457171426174,0.809374587979566,-0.000464991891100164,Fip1 v.s. NC,LGALS1,protein_coding
ENSG00000100104,0.0528338198851974,-0.03044226591867,0.620758083200353,0.973820802845896,-0.0332086421066317,Fip1 v.s. NC,SRRD,protein_coding
ENSG00000100105,0.0688524590163935,-0.0339941634027606,0.619033134461754,1,-0.0340887174541947,Fip1 v.s. NC,PATZ1,protein_coding
ENSG00000100106,0.119934640522876,-0.128147566007585,0.32053307182598,0.4929475344569,-0.0577964519140989,Fip1 v.s. NC,TRIOBP,protein_coding
ENSG00000100129,0.003999037661079,0.0150819966870136,0.49970207958241,0.803391069126644,0.00379024383007327,Fip1 v.s. NC,EIF3L,protein_coding
ENSG00000100138,0.0806345481829856,0.0964331181814652,2.83086979241316e-09,5.07439146257838e-10,0.0806345481829855,Fip1 v.s. NC,SNU13,protein_coding
ENSG00000100142,0.0401664027435839,0.0974947553878265,7.67181467697588e-06,1.84321564677958e-08,0.0101827197857925,Fip1 v.s. NC,POLR2F,protein_coding
ENSG00000100154,0.149416461916462,0.168946425685989,0.391880062904258,0.742953828968273,0.0982289107289107,Fip1 v.s. NC,TTC28,protein_coding
ENSG00000100162,0.109208560090691,-0.145569572525446,0.291952198965345,0.380759502561896,-0.109208560090691,Fip1 v.s. NC,CENPM,protein_coding
ENSG00000100196,0.356346878168912,-0.244760448806901,7.41056350200308e-10,2.19160800618567e-11,-0.256481783282631,Fip1 v.s. NC,KDELR3,protein_coding
ENSG00000100201,0.00649042323091372,-0.0352190565946908,0.215217439877492,0.234284345250475,-0.00649042323091364,Fip1 v.s. NC,DDX17,protein_coding
ENSG00000100209,0.129189189189189,-0.12153384591825,0.440619009864057,0.892362790930759,-0.109004897833331,Fip1 v.s. NC,HSCB,protein_coding
ENSG00000100216,0.0281885622410447,-0.0036018635610804,0.0795270144426675,0.089210950306769,-0.00418741071816864,Fip1 v.s. NC,TOMM22,protein_coding
ENSG00000100219,0.00651994398324535,-0.0140090881771765,0.870539999704977,1,-0.00651994398324529,Fip1 v.s. NC,XBP1,protein_coding
ENSG00000100221,0.0451327810788925,0.071539591928123,0.346339714629928,0.515501938353453,0.0451327810788925,Fip1 v.s. NC,JOSD1,protein_coding
ENSG00000100226,0.157303930898841,0.16886894647138,0.2975598822333,0.373285312178796,0.157303930898841,Fip1 v.s. NC,GTPBP1,protein_coding
ENSG00000100234,0.106832145536821,0.103590672599325,0.122558477033337,0.106541466456425,0.0893050230180479,Fip1 v.s. NC,TIMP3,protein_coding
ENSG00000100239,0.13551211035082,0.143159228809585,0.428643793141634,0.726491404948498,0.13551211035082,Fip1 v.s. NC,PPP6R2,protein_coding
ENSG00000100280,0.0671187619544427,0.0311352889334393,0.429389891839269,0.999582434332636,0.0226055440263697,Fip1 v.s. NC,AP1B1,protein_coding
ENSG00000100281,0.0752326406858712,-0.158477663980014,0.125373198957471,0.103631317803485,-0.0752326406858711,Fip1 v.s. NC,HMGXB4,protein_coding
ENSG00000100296,0.0294797878637138,0.0383709832022029,0.667045607399339,0.974592881532288,0.0294797878637138,Fip1 v.s. NC,THOC5,protein_coding
ENSG00000100297,0.00686188974566303,0.0246096342984022,0.542302266786288,0.824069640167875,0.00686188974566302,Fip1 v.s. NC,MCM5,protein_coding
ENSG00000100316,0.000710580175759262,-0.00359523534393264,0.526886301043669,0.756655908630078,-0.000276558694741302,Fip1 v.s. NC,RPL3,protein_coding
ENSG00000100330,0.157513348588863,-0.227791170161993,0.0447211435006559,0.0152629248585014,-0.157513348588864,Fip1 v.s. NC,MTMR3,protein_coding
ENSG00000100335,0.153703410410727,0.130466758288864,0.158590796325476,0.0944848316466164,0.110980449090205,Fip1 v.s. NC,MIEF1,protein_coding
ENSG00000100344,0.129960317460317,0.0882984349203585,0.488107935946432,0.995529813733385,0.103474529346622,Fip1 v.s. NC,PNPLA3,protein_coding
ENSG00000100345,0.151637491302561,-0.137044516338663,0.00402869457620909,0.0182461175476228,-0.140229332053092,Fip1 v.s. NC,MYH9,protein_coding
ENSG00000100348,0.0731136613579034,0.103673442209379,0.000367672430458988,9.98217201727794e-05,0.0731136613579033,Fip1 v.s. NC,TXN2,protein_coding
ENSG00000100350,0.0260596592274716,0.0398700119109281,0.576440844811445,0.813371973714915,0.0260596592274716,Fip1 v.s. NC,FOXRED2,protein_coding
ENSG00000100354,0.0535117056856187,0.0255834625692505,0.673982700150349,0.991822924450352,0.0206213402371138,Fip1 v.s. NC,TNRC6B,protein_coding
ENSG00000100364,0.0710783096376317,0.0248164085530719,0.461417264289791,0.819288946882132,0.0350479087767224,Fip1 v.s. NC,KIAA0930,protein_coding
ENSG00000100372,0.128985507246377,0.008191145746911,0.478638492624758,0.992122921706366,0.00362318840579712,Fip1 v.s. NC,SLC25A17,protein_coding
ENSG00000100380,0.0350140998502008,0.00811000765557878,0.0787578376466128,0.397407818780702,-0.00145134822061083,Fip1 v.s. NC,ST13,protein_coding
ENSG00000100387,0.00598190980636494,-0.0218467259643705,0.419149961609875,0.720220229310018,-0.00598190980636493,Fip1 v.s. NC,RBX1,protein_coding
ENSG00000100393,0.0722800483829896,-0.137097388505917,0.092029686998317,0.025894434257333,-0.0722800483829895,Fip1 v.s. NC,EP300,protein_coding
ENSG00000100401,0.0231975346269769,-0.0496313238706833,0.431760586211704,0.807337459617081,-0.0208459518850596,Fip1 v.s. NC,RANGAP1,protein_coding
ENSG00000100412,0.033513292344841,-0.0177403086185425,0.502845362928308,0.977035735931972,0.0022157285589961,Fip1 v.s. NC,ACO2,protein_coding
ENSG00000100413,0.0362840862840863,0.0608970344211941,0.480806785226445,0.767022228020454,0.0362840862840863,Fip1 v.s. NC,POLR3H,protein_coding
ENSG00000100416,0.118806170565365,-0.124160736334458,0.131769962794452,0.17456137335358,-0.118806170565365,Fip1 v.s. NC,TRMU,protein_coding
ENSG00000100418,0.0524277141298418,0.0556493256772003,0.434049818916701,0.816785932592188,0.0524277141298417,Fip1 v.s. NC,DESI1,protein_coding
ENSG00000128191,0.048728813559322,-0.0437780720719364,0.638200953026788,1,-0.0360527572212938,Fip1 v.s. NC,DGCR8,protein_coding
ENSG00000128294,0.128342245989305,0.0754512409041045,0.703940419604643,1,0.0769068392907403,Fip1 v.s. NC,TPST2,protein_coding
ENSG00000128335,0.171070235513211,0.203112049338051,0.00198892157519336,0.000343991188244201,0.171070235513211,Fip1 v.s. NC,APOL2,protein_coding
ENSG00000128408,0.301669552745273,0.319765096764003,0.00240913845598361,0.000161253140053663,0.301669552745273,Fip1 v.s. NC,RIBC2,protein_coding
ENSG00000131100,0.0291507326862087,-0.0495567869903947,0.0925681469665687,0.171111616731916,-0.0291507326862086,Fip1 v.s. NC,ATP6V1E1,protein_coding
ENSG00000133422,0.0254092120289303,-0.0251096142877253,0.835675334264574,1,-0.0213971533553844,Fip1 v.s. NC,MORC2,protein_coding
ENSG00000133460,0.0526315789473684,0.00430114412162167,0.896868927830939,0.995045832506194,0.00639619883040937,Fip1 v.s. NC,SLC2A11,protein_coding
ENSG00000159958,0.335606060606061,0.303399794672835,0.101568580512753,0.0473416309580022,0.335606060606061,Fip1 v.s. NC,TNFRSF13C,protein_coding
ENSG00000167037,0.104676573426573,0.10053522949882,0.740687540397797,0.961052660990965,0.104676573426573,Fip1 v.s. NC,SGSM1,protein_coding
ENSG00000180957,0.0553903689945508,0.000763368532514638,0.00114947653376564,1.96108838481923e-05,-0.0178800237792235,Fip1 v.s. NC,PITPNB,protein_coding
ENSG00000182541,0.0734592239053746,0.0734679163985286,0.53423900838951,0.822822990952939,0.0627834589923215,Fip1 v.s. NC,LIMK2,protein_coding
ENSG00000182944,0.0337919453820983,0.034532553461224,0.436242848986731,0.799516540186239,0.0337919453820984,Fip1 v.s. NC,EWSR1,protein_coding
ENSG00000183172,0.0182713780887228,0.0530490476797093,0.360838035555596,0.553129174216343,0.0182713780887229,Fip1 v.s. NC,SMDT1,protein_coding
ENSG00000183597,0.0750291758932312,0.08527029295684,0.186216541415998,0.397014113184669,0.0750291758932312,Fip1 v.s. NC,TANGO2,protein_coding
ENSG00000184076,0.00313981105990004,-0.00610722000425693,0.643591823992495,1,-0.00223835271338204,Fip1 v.s. NC,UQCR10,protein_coding
ENSG00000184708,0.121187879808569,-0.134355253880944,0.262228084566142,0.418538236327215,-0.121187879808569,Fip1 v.s. NC,EIF4ENIF1,protein_coding
ENSG00000184792,0.0649658994032395,-0.0975899957823402,0.389725181485792,0.608179018582852,-0.0649658994032395,Fip1 v.s. NC,OSBP2,protein_coding
ENSG00000184983,0.0104272609066717,0.00825157970320123,0.514013963852993,0.999996747227658,0.00337249497629048,Fip1 v.s. NC,NDUFA6,protein_coding
ENSG00000185252,0.109547123623011,0.096037901054269,0.606838491783704,0.906997082519803,0.102676087682208,Fip1 v.s. NC,ZNF74,protein_coding
ENSG00000185651,0.103040528209066,0.130328049743431,2.32319352830918e-08,1.20312670939577e-05,0.0750009897443733,Fip1 v.s. NC,UBE2L3,protein_coding
ENSG00000185721,0.0044317130819032,0.0161105654795297,0.75024545675966,1,0.00395945345619822,Fip1 v.s. NC,DRG1,protein_coding
ENSG00000186575,0.0660452832480017,0.0736664288927936,0.464641699263072,0.768869425077289,0.0660452832480017,Fip1 v.s. NC,NF2,protein_coding
ENSG00000186716,0.0934095690629149,0.0965673555754172,0.224415481614723,0.427617614555825,0.0934095690629149,Fip1 v.s. NC,BCR,protein_coding
ENSG00000188130,0.117309767943875,0.125358947370014,0.321169112897665,0.713704073981188,0.112426852896096,Fip1 v.s. NC,MAPK12,protein_coding
ENSG00000188677,0.0797908232118758,-0.0259479709921833,0.612832770115066,1,-0.0107397465234993,Fip1 v.s. NC,PARVB,protein_coding
ENSG00000189060,0.0192327197953848,0.0366733640506893,0.154607488169204,0.152130724952071,0.0128052078269004,Fip1 v.s. NC,H1-0,protein_coding
ENSG00000189306,0.263105048976185,0.267593721840009,0.000122198597753689,6.68984741640048e-06,0.190397497432084,Fip1 v.s. NC,RRP7A,protein_coding
ENSG00000196236,0.170970296182161,0.0508142507396307,0.1583589538683,0.414632741379161,-0.00787322376305427,Fip1 v.s. NC,XPNPEP3,protein_coding
ENSG00000197077,0.060449137094402,-0.105504185200181,0.314773855070758,0.424200380329378,-0.0604491370944019,Fip1 v.s. NC,KIAA1671,protein_coding
ENSG00000198792,0.0594919786096257,0.0305072545841818,0.623537386173806,1,0.0304848015761329,Fip1 v.s. NC,TMEM184B,protein_coding
ENSG00000198832,0.00796450776043299,-0.0192732624705811,0.50084972388518,0.924824700107661,-0.005618907468941,Fip1 v.s. NC,SELENOM,protein_coding
ENSG00000198911,0.0521425632917347,0.0587564419678097,0.240760461595718,0.650271483640332,0.0395949348592027,Fip1 v.s. NC,SREBF2,protein_coding
ENSG00000198951,0.139956141412148,-0.140992238174146,0.055319651563719,0.0876760415902889,-0.139956141412149,Fip1 v.s. NC,NAGA,protein_coding
ENSG00000205560,0.104744623655914,-0.0946128570431908,0.609987268758002,0.800101834276661,-0.104744623655914,Fip1 v.s. NC,CPT1B,protein_coding
ENSG00000206195,0.135647900731487,0.0474304279735826,0.354018885678196,0.186659445718516,-0.000962916263068214,Fip1 v.s. NC,DUXAP8,lncRNA
ENSG00000215012,0.499935606342589,0.493635682981221,1.94062757548056e-13,0,0.48073289659793,Fip1 v.s. NC,RTL10,protein_coding
ENSG00000215193,0.0723582059237761,0.0925223062385456,0.557347204208445,0.773483340076257,0.0723582059237761,Fip1 v.s. NC,PEX26,protein_coding
ENSG00000224205,0.0259653370714923,-0.0393992198648064,0.659152731343579,0.962462440074033,-0.02378347600297,Fip1 v.s. NC,GSTT3P,transcribed_unprocessed_pseudogene
ENSG00000226328,0.292709249799745,-0.291059707000673,0.0105568936258895,0.00121917482096931,-0.0888412964689507,Fip1 v.s. NC,NUP50-DT,lncRNA
ENSG00000231711,0.235330654000731,0.224467030829487,0.220418006482437,0.230123816255242,0.235330654000731,Fip1 v.s. NC,LINC00899,lncRNA
ENSG00000235954,0.0647765905779505,-0.0377764667954917,0.424363871715363,1,-0.0340177622456377,Fip1 v.s. NC,TTC28-AS1,lncRNA
ENSG00000239900,0.0150035832396394,-0.0193535041519566,0.467620204790687,0.971067311986808,-0.00382703436946118,Fip1 v.s. NC,ADSL,protein_coding
ENSG00000241878,0.0213688610240334,-0.011518411519903,0.800790249417684,0.990488607850144,-0.0078996218540297,Fip1 v.s. NC,PISD,protein_coding
ENSG00000242259,0.0848682967877456,0.0904864969530624,0.552456679311068,0.804129967539799,0.0848682967877457,Fip1 v.s. NC,C22orf39,protein_coding
ENSG00000244509,0.0358636873788389,0.0574936770790265,0.500886997433464,0.816312681797714,0.0351649825390297,Fip1 v.s. NC,APOBEC3C,protein_coding
ENSG00000253352,0.0451796055554226,-0.061299993017481,0.415378844041375,0.718125516644267,-0.0451796055554226,Fip1 v.s. NC,TUG1,protein_coding
ENSG00000273899,0.0376684023473014,-0.0465782291000148,0.457432351030328,0.968929633426041,-0.0271839202347093,Fip1 v.s. NC,NOL12,protein_coding
ENSG00000285722,0.178553756185335,0.186436492074936,0.23917172592596,0.380243718084936,0.178553756185335,Fip1 v.s. NC,NA,lncRNA
ENSG00000286129,0.0678410947712418,-0.000105564009426957,0.456543414101868,1,0.00477870745999553,Fip1 v.s. NC,NA,lncRNA
ENSG00000290931,0.202279764914055,-0.100360501456342,0.19794722100783,0.893342290420453,-0.0598532643804067,Fip1 v.s. NC,NA,lncRNA
ENSG00000291087,0.00521685467435921,-0.00452451595502325,0.887339083640841,0.997818597551092,-0.00203747729357235,Fip1 v.s. NC,CRYBB2P1,lncRNA
ENSG00000015475,0.0919959553058668,0.0994477128100816,0.138298335878112,0.2156889005227,0.0919959553058668,Fip2 v.s. NC,BID,protein_coding
ENSG00000025770,0.0518437836866691,0.079757641171948,0.439992858115534,0.570285310503589,0.0518437836866692,Fip2 v.s. NC,NCAPH2,protein_coding
ENSG00000070010,0.0207573843035432,0.00523767466881174,0.305222745311565,0.562500062734314,0.00355154935993204,Fip2 v.s. NC,UFD1,protein_coding
ENSG00000075234,0.0446627131208302,0.0621960579143629,0.548341839534236,1,0.033301157056757,Fip2 v.s. NC,TTC38,protein_coding
ENSG00000077942,0.218800869143503,0.200837566557386,4.02742498370759e-08,7.6253644988894e-05,0.137401018512959,Fip2 v.s. NC,FBLN1,protein_coding
ENSG00000093000,0.0411247397284378,-0.0572331637188077,0.558695614630197,0.806849799181928,-0.0411247397284378,Fip2 v.s. NC,NUP50,protein_coding
ENSG00000093009,0.0288284184811033,0.0747230576821161,0.0987242288306045,0.108842730312486,0.0288284184811032,Fip2 v.s. NC,CDC45,protein_coding
ENSG00000093010,0.0276245591395394,0.00551684798726102,0.539068479102124,1,-0.00124525831139743,Fip2 v.s. NC,COMT,protein_coding
ENSG00000099901,0.0307532391591867,-0.0166966952086389,0.171330366763157,0.22100530250132,-0.0111822797040332,Fip2 v.s. NC,RANBP1,protein_coding
ENSG00000099940,0.313395852503642,0.362590134531442,1.41256894143266e-07,7.18696559635449e-07,0.184115322188994,Fip2 v.s. NC,SNAP29,protein_coding
ENSG00000099942,0.128719575164358,-0.129881461853088,0.0701192376369393,0.103522929499192,-0.128719575164358,Fip2 v.s. NC,CRKL,protein_coding
ENSG00000099958,0.0488095238095238,0.00963439894143132,0.719046332124094,1,0.00928571428571434,Fip2 v.s. NC,DERL3,protein_coding
ENSG00000099968,0.0627135867719477,0.0804382167199583,0.25106596353434,0.386562179745541,0.0282481108847003,Fip2 v.s. NC,BCL2L13,protein_coding
ENSG00000099974,0.307080016757436,0.314906266469312,0.106792040634572,0.0844866531584596,0.307080016757436,Fip2 v.s. NC,DDTL,protein_coding
ENSG00000099977,0.00277997714125179,0.0106408673423416,0.461071280562713,1,0.00135196765255774,Fip2 v.s. NC,DDT,protein_coding
ENSG00000099995,0.111297557694154,0.135970475044573,0.00431488357433823,0.00513378118210614,0.0960629508191874,Fip2 v.s. NC,SF3A1,protein_coding
ENSG00000100014,0.0202570882317048,0.031507646961547,0.954020543307377,1,0.0202570882317048,Fip2 v.s. NC,SPECC1L,protein_coding
ENSG00000100028,0.0774020384714239,0.0786832501476523,5.54293098504821e-09,2.03746698956841e-08,0.0411647159965561,Fip2 v.s. NC,SNRPD3,protein_coding
ENSG00000100030,0.147582372717255,0.16590064720226,0.00116865975254428,0.000399785550541997,0.0591089017291144,Fip2 v.s. NC,MAPK1,protein_coding
ENSG00000100056,0.361047861047861,0.453731970398149,0.0010284876819853,1.10070825135589e-05,0.361047861047861,Fip2 v.s. NC,ESS2,protein_coding
ENSG00000100097,0.00361073322808039,-0.0165307773814378,0.339724338116255,0.529788542681212,-0.00209891126321371,Fip2 v.s. NC,LGALS1,protein_coding
ENSG00000100104,0.171328519438354,0.176205609048658,0.12124561252756,0.091120823170142,0.125093185909737,Fip2 v.s. NC,SRRD,protein_coding
ENSG00000100105,0.0703507489952503,0.0798835165959059,0.61177098002647,0.87377714625172,0.0703507489952504,Fip2 v.s. NC,PATZ1,protein_coding
ENSG00000100106,0.0821773064064336,-0.038043402627094,0.628325702273404,0.941587107051035,0.00441232944790826,Fip2 v.s. NC,TRIOBP,protein_coding
ENSG00000100129,0.00674098410651578,0.0260985195854437,0.258608798516694,0.380576717796527,0.00674098410651575,Fip2 v.s. NC,EIF3L,protein_coding
ENSG00000100138,0.0210449198089543,0.0261889819085943,0.213976950332058,0.571253669491859,0.0210449198089543,Fip2 v.s. NC,SNU13,protein_coding
ENSG00000100142,0.015355528484989,0.064823535329479,0.0293324571150073,0.00627474266074854,0.00776108138976955,Fip2 v.s. NC,POLR2F,protein_coding
ENSG00000100154,0.149189093956536,0.113153142457368,0.420248150397722,0.57569867918928,0.114759733027787,Fip2 v.s. NC,TTC28,protein_coding
ENSG00000100162,0.0349836333878887,0.00844806421492275,0.659479452946894,1,0.003666451604589,Fip2 v.s. NC,CENPM,protein_coding
ENSG00000100196,0.0373065938782021,0.00643852057619039,0.302685943469349,0.370232240823731,-0.00184708140280143,Fip2 v.s. NC,KDELR3,protein_coding
ENSG00000100201,0.000124868082912403,-6.85675588530343e-05,0.999999999999983,1,-1.01212240763981e-05,Fip2 v.s. NC,DDX17,protein_coding
ENSG00000100209,0.147014309805007,-0.17829036590667,0.356631758758168,0.494390904108057,-0.147014309805007,Fip2 v.s. NC,HSCB,protein_coding
ENSG00000100216,0.0116321008785305,-0.00335739096995777,0.559538932585999,0.808566663019854,-0.00209235838580901,Fip2 v.s. NC,TOMM22,protein_coding
ENSG00000100219,0.0206396311093662,-0.0427612969825021,0.508911015306869,0.78153316967951,-0.0206396311093662,Fip2 v.s. NC,XBP1,protein_coding
ENSG00000100221,0.0732638211497135,0.112131981305078,0.131176532388015,0.110430506640137,0.0732638211497136,Fip2 v.s. NC,JOSD1,protein_coding
ENSG00000100226,0.11965811965812,0.059943168535834,0.543399204266023,1,0.0632968803700511,Fip2 v.s. NC,GTPBP1,protein_coding
ENSG00000100234,0.199522595552988,0.193280472358139,0.00021015862727821,3.81602414663641e-05,0.165144709339036,Fip2 v.s. NC,TIMP3,protein_coding
ENSG00000100239,0.148704255895907,0.153014663910041,0.543663866247157,0.662918077806051,0.148704255895907,Fip2 v.s. NC,PPP6R2,protein_coding
ENSG00000100280,0.0671187619544427,0.00382804621305207,0.556686636867186,0.99998375356539,-0.000944915758357839,Fip2 v.s. NC,AP1B1,protein_coding
ENSG00000100281,0.127720252720253,-0.218298152422056,0.0102884004148897,0.00121386757113338,-0.127720252720253,Fip2 v.s. NC,HMGXB4,protein_coding
ENSG00000100296,0.159798339616193,0.185441505265771,0.0305499351722501,0.0123941591452062,0.159798339616193,Fip2 v.s. NC,THOC5,protein_coding
ENSG00000100297,0.00959119496855344,0.0168140904520604,0.658906608988937,1,0.00678402612808587,Fip2 v.s. NC,MCM5,protein_coding
ENSG00000100316,0.000626039257049884,-0.00307608162110004,0.580240581588278,1,-0.000191108221109682,Fip2 v.s. NC,RPL3,protein_coding
ENSG00000100330,0.117693900302596,-0.196466953307777,0.152679622177864,0.111162731283665,-0.117693900302596,Fip2 v.s. NC,MTMR3,protein_coding
ENSG00000100335,0.140431627196333,0.11629209969865,0.337695443398984,0.537614017744412,0.0845842882607588,Fip2 v.s. NC,MIEF1,protein_coding
ENSG00000100344,0.10314039408867,0.0852667184334858,0.569437667946342,0.87272045199881,0.0892515051997811,Fip2 v.s. NC,PNPLA3,protein_coding
ENSG00000100345,0.193242230642483,-0.168053392703093,0.000919821878117752,0.00584875710326118,-0.17661626718839,Fip2 v.s. NC,MYH9,protein_coding
ENSG00000100348,0.047585031199933,0.0643046066265083,0.0553831556177735,0.105255259683048,0.0475850311999328,Fip2 v.s. NC,TXN2,protein_coding
ENSG00000100350,0.0207042253521127,-0.0251087628028087,0.718318756951058,1,-0.015978371495824,Fip2 v.s. NC,FOXRED2,protein_coding
ENSG00000100354,0.102937209485832,0.138908562614254,0.396942730644783,0.378384622326295,0.102937209485833,Fip2 v.s. NC,TNRC6B,protein_coding
ENSG00000100364,0.102336349347946,0.0996794909533896,0.382797850907522,0.580730911740137,0.0537806380357674,Fip2 v.s. NC,KIAA0930,protein_coding
ENSG00000100372,0.166587539563552,-0.147554093421761,0.36817755314991,0.536344792622754,-0.134978344161253,Fip2 v.s. NC,SLC25A17,protein_coding
ENSG00000100380,0.0695881055054697,0.0371501191238985,0.00793474008895164,0.134787911558605,0.00789637351743977,Fip2 v.s. NC,ST13,protein_coding
ENSG00000100387,0.0082716779297329,-0.0299721450475091,0.239397389301735,0.444714268166352,-0.00827167792973282,Fip2 v.s. NC,RBX1,protein_coding
ENSG00000100393,0.067008201585719,-0.133500535563547,0.22249777922953,0.090066727108222,-0.067008201585719,Fip2 v.s. NC,EP300,protein_coding
ENSG00000100401,0.0217107132708156,-0.0460213858006919,0.532652421772653,0.852412001027457,-0.0197857256900903,Fip2 v.s. NC,RANGAP1,protein_coding
ENSG00000100412,0.074502326863398,-0.12060142649542,0.085324254076898,0.0388332629926604,-0.0445626210498079,Fip2 v.s. NC,ACO2,protein_coding
ENSG00000100413,0.0725274725274725,0.0843297703596763,0.448663710808167,0.870349172930539,0.0609646902329829,Fip2 v.s. NC,POLR3H,protein_coding
ENSG00000100416,0.208718673521346,-0.211636693016626,0.0338445284794156,0.0519021320954456,-0.208718673521346,Fip2 v.s. NC,TRMU,protein_coding
ENSG00000100418,0.0407928784558432,0.0428717165906047,0.579768402843642,0.92063459744788,0.0407928784558431,Fip2 v.s. NC,DESI1,protein_coding
ENSG00000128191,0.157481328649865,-0.167657018707548,0.388961137056836,0.492370566165207,-0.157481328649865,Fip2 v.s. NC,DGCR8,protein_coding
ENSG00000128294,0.269776714513557,0.264149425623295,0.345098940242353,0.494236803154723,0.269776714513557,Fip2 v.s. NC,TPST2,protein_coding
ENSG00000128335,0.0553112284999548,0.0727326621819751,0.402602295630299,0.650173027646301,0.0553112284999548,Fip2 v.s. NC,APOL2,protein_coding
ENSG00000128408,0.343774815903168,0.35047059220719,0.0025099541697066,0.000265019330429239,0.343774815903168,Fip2 v.s. NC,RIBC2,protein_coding
ENSG00000131100,0.0409307534387899,-0.0690137894784838,0.0188540926444805,0.0401040923659836,-0.0409307534387899,Fip2 v.s. NC,ATP6V1E1,protein_coding
ENSG00000133422,0.0976092391145208,0.101734391145288,0.466655170774179,0.654524020047759,0.0976092391145208,Fip2 v.s. NC,MORC2,protein_coding
ENSG00000133460,0.221380718954248,0.221127696531646,0.357017186421152,0.484108214921955,0.221380718954248,Fip2 v.s. NC,SLC2A11,protein_coding
ENSG00000159958,0.181818181818182,0.0549960910508256,0.656999057304552,0.972073583849965,0.0901515151515151,Fip2 v.s. NC,TNFRSF13C,protein_coding
ENSG00000167037,0.193704212454212,0.194780621252058,0.54979537515705,0.724874024149279,0.193704212454212,Fip2 v.s. NC,SGSM1,protein_coding
ENSG00000180957,0.069099524695883,-0.0508600734317617,0.00363029858218005,7.69235957902323e-05,-0.036239006079659,Fip2 v.s. NC,PITPNB,protein_coding
ENSG00000182541,0.0743423560808235,0.0824607004243817,0.587641703378623,0.831664464633834,0.0723245998257791,Fip2 v.s. NC,LIMK2,protein_coding
ENSG00000182944,0.0196636173051267,0.0137759918677063,0.615215906930217,1,0.013441820504908,Fip2 v.s. NC,EWSR1,protein_coding
ENSG00000183172,0.0328361379604257,0.100782686956101,0.142002726799327,0.0732243096515219,0.0328361379604257,Fip2 v.s. NC,SMDT1,protein_coding
ENSG00000183597,0.0174190888476603,0.0204531459433218,0.834907705931262,1,0.0174190888476603,Fip2 v.s. NC,TANGO2,protein_coding
ENSG00000184076,0.0134947411001584,0.0344062841041509,0.125949468150463,0.21973401626143,0.0134947411001584,Fip2 v.s. NC,UQCR10,protein_coding
ENSG00000184708,0.0507518796992481,-0.0203352944482261,0.74188876687375,1,-0.0184381894908211,Fip2 v.s. NC,EIF4ENIF1,protein_coding
ENSG00000184792,0.145022945348352,-0.1921702605611,0.257419800168916,0.178407714053489,-0.145022945348352,Fip2 v.s. NC,OSBP2,protein_coding
ENSG00000184983,0.0305347010622374,0.0466570259772343,0.149514514298844,0.340223231600343,0.028151924213856,Fip2 v.s. NC,NDUFA6,protein_coding
ENSG00000185252,0.0642857142857143,0.000867147568730207,0.809154445343907,1,0.00184552289815448,Fip2 v.s. NC,ZNF74,protein_coding
ENSG00000185651,0.116070352071161,0.13491879631401,4.86041109632865e-07,6.74111129295163e-06,0.0762556219269365,Fip2 v.s. NC,UBE2L3,protein_coding
ENSG00000185721,0.00975128653820268,-0.000999210961245145,0.364691977206235,1,0.00104632881555848,Fip2 v.s. NC,DRG1,protein_coding
ENSG00000186575,0.137643472022956,0.154865699789497,0.11368106311536,0.135499600559368,0.137643472022955,Fip2 v.s. NC,NF2,protein_coding
ENSG00000186716,0.182788658050533,0.18100320563035,0.0447249579616768,0.039769121485093,0.182788658050533,Fip2 v.s. NC,BCR,protein_coding
ENSG00000188130,0.12729118876201,0.129231921339097,0.32773098651569,0.479259310664015,0.12729118876201,Fip2 v.s. NC,MAPK12,protein_coding
ENSG00000188677,0.147234475004325,0.00512638523398906,0.286237205927084,1,0.0272550050528502,Fip2 v.s. NC,PARVB,protein_coding
ENSG00000189060,0.020868261958835,-0.0361951459063093,0.40453093603264,0.570224761788724,-0.0160623125901221,Fip2 v.s. NC,H1-0,protein_coding
ENSG00000189306,0.321211714344385,0.260210465878885,8.18320223195037e-05,1.66549259456028e-06,0.19499745946999,Fip2 v.s. NC,RRP7A,protein_coding
ENSG00000196236,0.297727493350418,0.315103676958407,0.0173030578555846,0.0194448872307511,0.228286793195932,Fip2 v.s. NC,XPNPEP3,protein_coding
ENSG00000197077,0.0441947565543071,-0.0501503868651412,0.544740762088291,0.882766661921202,-0.0292404989892121,Fip2 v.s. NC,KIAA1671,protein_coding
ENSG00000198792,0.0587291399229782,-0.0294474563267058,0.690495824367003,1,-0.030086649550706,Fip2 v.s. NC,TMEM184B,protein_coding
ENSG00000198832,0.0112947320100816,-0.0376740934190568,0.326472360740065,0.480462704839423,-0.0112947320100817,Fip2 v.s. NC,SELENOM,protein_coding
ENSG00000198911,0.0792013295462251,-0.0588740620485704,0.210914081272527,0.388565480525271,-0.0579882560075702,Fip2 v.s. NC,SREBF2,protein_coding
ENSG00000198951,0.0607061131088591,0.0261876585361412,0.489610787804631,1,0.026199070855338,Fip2 v.s. NC,NAGA,protein_coding
ENSG00000205560,0.05625,0.0816276698193335,0.823341847408649,0.949720767763337,0.05625,Fip2 v.s. NC,CPT1B,protein_coding
ENSG00000206195,0.134374896299983,-0.0132074228987271,0.347508588585694,0.572213203057559,-0.0216440600630496,Fip2 v.s. NC,DUXAP8,lncRNA
ENSG00000215012,0.430475950928696,0.414759901243743,7.52101297554531e-08,3.16028314628625e-11,0.421039860703132,Fip2 v.s. NC,RTL10,protein_coding
ENSG00000215193,0.0248478701825558,0.000480045351328316,0.991677795379333,1,-0.000752965763107766,Fip2 v.s. NC,PEX26,protein_coding
ENSG00000224205,0.0635180732779605,0.100979956214606,0.402878088386107,0.235288168979423,0.0635180732779606,Fip2 v.s. NC,GSTT3P,transcribed_unprocessed_pseudogene
ENSG00000226328,0.176288827451618,0.0711754928768123,0.259136754454859,0.334975118368764,0.0847088957554073,Fip2 v.s. NC,NUP50-DT,lncRNA
ENSG00000231711,0.356366459627329,0.356612725648118,0.0823059017603264,0.04197759379652,0.356366459627329,Fip2 v.s. NC,LINC00899,lncRNA
ENSG00000235954,0.1308427050374,-0.158942028595829,0.1629225080252,0.224443025490918,-0.1308427050374,Fip2 v.s. NC,TTC28-AS1,lncRNA
ENSG00000239900,0.0163716614952799,-0.00180148362170192,0.432650906496866,0.732643691793541,-0.0063169390785253,Fip2 v.s. NC,ADSL,protein_coding
ENSG00000241878,0.0685645549318364,-0.00561684635747874,0.367260140638705,1,-0.00607035599407535,Fip2 v.s. NC,PISD,protein_coding
ENSG00000242259,0.073909830007391,0.0132230334862633,0.650360479144052,1,0.0121184467874363,Fip2 v.s. NC,C22orf39,protein_coding
ENSG00000244509,0.0348765432098765,0.0236603353353472,0.280138226248068,1,0.0169455870436261,Fip2 v.s. NC,APOBEC3C,protein_coding
ENSG00000253352,0.0542543129679611,0.0654327551464848,0.477947429975956,0.733177116275397,0.0542543129679611,Fip2 v.s. NC,TUG1,protein_coding
ENSG00000273899,0.0438462656204592,0.055644032367684,0.438853838534172,0.884739028758867,0.0368965518865831,Fip2 v.s. NC,NOL12,protein_coding
ENSG00000285722,0.0820259784075573,0.0911859072948893,0.766904694291276,0.992118318727044,0.0820259784075573,Fip2 v.s. NC,NA,lncRNA
ENSG00000286129,0.216004638414506,0.221977945122962,0.0138651636391616,0.0191227082073703,0.156205987771453,Fip2 v.s. NC,NA,lncRNA
ENSG00000290931,0.175759746095944,0.118505765410246,0.507598010515287,0.959198075764164,0.0908891657438169,Fip2 v.s. NC,NA,lncRNA
ENSG00000291087,0.00690877414316182,-0.0156539208808985,0.836993460758757,1,-0.00685270147298126,Fip2 v.s. NC,CRYBB2P1,lncRNA

